aa_eleicao;sg_uf;cd_cargo;nm_cargo;qt_votos_validos_qe;qt_vagas_qe;vr_quociente_eleitoral;tx_legenda_tot;qt_vagas_qp_preenchida;qt_vagas_media_qp;qt_vagas_qp_obtida;qt_votos_coligacao_qp
2022;SP;6;Deputado Federal;23375585;70;333937;PL;16;1;16;5343667
2022;SP;7;Deputado Estadual;23245861;94;247296;PL;16;3;16;4144519
2022;SP;7;Deputado Estadual;23245861;94;247296;PT / PV / PC do B;16;3;16;4022853
2022;SP;6;Deputado Federal;23375585;70;333937;PT / PV / PC do B;9;2;9;3132607
2022;SP;7;Deputado Estadual;23245861;94;247296;CIDADANIA / PSDB;10;2;10;2552319
2022;MG;6;Deputado Federal;11181098;53;210964;PL;11;0;11;2383410
2022;SP;6;Deputado Federal;23375585;70;333937;REDE / PSOL;6;0;6;2288861
2022;MG;7;Deputado Estadual;11076602;77;143852;PT / PV / PC do B;14;3;14;2072454
2022;BA;7;Deputado Estadual;7937716;63;125995;PT / PV / PC do B;15;2;15;1927771
2022;RJ;7;Deputado Estadual;8492935;70;121328;PL;15;2;15;1828019
2022;SP;6;Deputado Federal;23375585;70;333937;UNIÃO;5;1;5;1811462
2022;MG;6;Deputado Federal;11181098;53;210964;PT / PV / PC do B;8;2;8;1787525
2022;SP;7;Deputado Estadual;23245861;94;247296;REPUBLICANOS;7;1;7;1767011
2022;BA;6;Deputado Federal;7958431;39;204062;PT / PV / PC do B;8;2;8;1761003
2022;RJ;6;Deputado Federal;8575988;46;186435;PL;9;2;9;1717302
2022;SP;7;Deputado Estadual;23245861;94;247296;UNIÃO;6;1;6;1689297
2022;SP;6;Deputado Federal;23375585;70;333937;MDB;4;1;4;1613626
2022;SP;6;Deputado Federal;23375585;70;333937;REPUBLICANOS;4;1;4;1580891
2022;PR;7;Deputado Estadual;6058064;54;112186;PSD;13;3;13;1549527
2022;PA;6;Deputado Federal;4521516;17;265972;MDB;5;4;5;1519004
2022;SP;6;Deputado Federal;23375585;70;333937;CIDADANIA / PSDB;4;1;4;1500112
2022;SP;7;Deputado Estadual;23245861;94;247296;REDE / PSOL;6;0;6;1496620
2022;MG;7;Deputado Estadual;11076602;77;143852;PL;9;0;9;1306136
2022;PA;7;Deputado Estadual;4538980;41;110707;MDB;11;2;11;1253590
2022;CE;7;Deputado Estadual;5054996;46;109891;PDT;11;2;11;1238562
2022;PE;7;Deputado Estadual;5013585;49;102318;PSB;12;1;12;1237696
2022;RS;7;Deputado Estadual;6155799;55;111924;PT / PV / PC do B;10;2;10;1187425
2022;SP;6;Deputado Federal;23375585;70;333937;PP;3;1;3;1174646
2022;RS;6;Deputado Federal;6149822;31;198381;PT / PV / PC do B;5;2;5;1168128
2022;BA;7;Deputado Estadual;7937716;63;125995;UNIÃO;9;1;9;1151774
2022;MG;7;Deputado Estadual;11076602;77;143852;PSD;7;2;7;1143330
2022;BA;6;Deputado Federal;7958431;39;204062;PSD;5;1;5;1141474
2022;BA;7;Deputado Estadual;7937716;63;125995;PSD;8;1;8;1109991
2022;BA;6;Deputado Federal;7958431;39;204062;UNIÃO;5;1;5;1075013
2022;CE;6;Deputado Federal;5108239;22;232193;PL;4;1;4;1058947
2022;SP;6;Deputado Federal;23375585;70;333937;PSD;3;0;3;1055965
2022;PR;6;Deputado Federal;6038642;30;201288;PSD;5;2;5;1051984
2022;SP;7;Deputado Estadual;23245861;94;247296;PODE;4;0;4;1030595
2022;CE;6;Deputado Federal;5108239;22;232193;PDT;4;1;4;975407
2022;SP;7;Deputado Estadual;23245861;94;247296;MDB;3;1;3;975207
2022;PR;6;Deputado Federal;6038642;30;201288;PT / PV / PC do B;4;2;4;973352
2022;RJ;6;Deputado Federal;8575988;46;186435;UNIÃO;5;1;5;967553
2022;SC;6;Deputado Federal;3969848;16;248115;PL;3;3;3;962053
2022;CE;7;Deputado Estadual;5054996;46;109891;PT / PV / PC do B;8;1;8;950573
2022;SP;7;Deputado Estadual;23245861;94;247296;PSD;3;1;3;940809
2022;MG;6;Deputado Federal;11181098;53;210964;AVANTE;4;1;4;924208
2022;RJ;7;Deputado Estadual;8492935;70;121328;UNIÃO;7;1;7;896410
2022;SP;6;Deputado Federal;23375585;70;333937;PODE;2;1;2;892443
2022;RJ;6;Deputado Federal;8575988;46;186435;PT / PV / PC do B;4;2;4;889560
2022;SP;7;Deputado Estadual;23245861;94;247296;PSB;3;0;3;882495
2022;SC;7;Deputado Estadual;4004036;40;100101;PL;8;3;8;878708
2022;RJ;7;Deputado Estadual;8492935;70;121328;PT / PV / PC do B;7;1;7;875536
2022;MA;7;Deputado Estadual;3691036;42;87882;PSB;9;2;9;861799
2022;MG;7;Deputado Estadual;11076602;77;143852;PP;5;1;5;833221
2022;SP;7;Deputado Estadual;23245861;94;247296;PP;3;0;3;799148
2022;BA;6;Deputado Federal;7958431;39;204062;PP;3;1;3;776833
2022;AL;7;Deputado Estadual;1658145;27;61413;MDB;12;2;12;772570
2022;MG;6;Deputado Federal;11181098;53;210964;PSD;3;1;3;766629
2022;PR;7;Deputado Estadual;6058064;54;112186;PT / PV / PC do B;6;1;6;766417
2022;PI;6;Deputado Federal;1957483;10;195748;PT / PV / PC do B;3;2;3;749076
2022;PR;7;Deputado Estadual;6058064;54;112186;UNIÃO;6;1;6;740336
2022;PE;7;Deputado Estadual;5013585;49;102318;PP;7;1;7;738630
2022;RJ;6;Deputado Federal;8575988;46;186435;REDE / PSOL;3;2;3;738331
2022;SP;6;Deputado Federal;23375585;70;333937;PSB;2;0;2;733141
2022;PI;7;Deputado Estadual;1970638;30;65688;PT / PV / PC do B;11;1;11;730241
2022;PE;6;Deputado Federal;4969863;25;198795;PSB;3;2;3;727527
2022;CE;6;Deputado Federal;5108239;22;232193;UNIÃO;3;1;3;719801
2022;BA;7;Deputado Estadual;7937716;63;125995;PP;5;1;5;718906
2022;PR;6;Deputado Federal;6038642;30;201288;PP;3;1;3;704175
2022;PE;7;Deputado Estadual;5013585;49;102318;PT / PV / PC do B;6;1;6;698604
2022;RS;7;Deputado Estadual;6155799;55;111924;PP;6;1;6;693464
2022;RJ;6;Deputado Federal;8575988;46;186435;PSD;3;1;3;689255
2022;PE;6;Deputado Federal;4969863;25;198795;PP;3;1;3;681164
2022;RS;6;Deputado Federal;6149822;31;198381;PL;3;1;3;680192
2022;MG;6;Deputado Federal;11181098;53;210964;UNIÃO;3;0;3;669076
2022;MG;6;Deputado Federal;11181098;53;210964;PP;3;0;3;655458
2022;RJ;7;Deputado Estadual;8492935;70;121328;PSD;5;1;5;645331
2022;PR;6;Deputado Federal;6038642;30;201288;UNIÃO;3;1;3;641875
2022;PE;6;Deputado Federal;4969863;25;198795;PL;3;1;3;636231
2022;RS;7;Deputado Estadual;6155799;55;111924;MDB;5;1;5;629558
2022;MA;6;Deputado Federal;3706498;18;205917;PL;3;1;3;626039
2022;CE;6;Deputado Federal;5108239;22;232193;PSD;2;1;2;621809
2022;BA;6;Deputado Federal;7958431;39;204062;PL;3;0;3;620140
2022;CE;6;Deputado Federal;5108239;22;232193;PT / PV / PC do B;2;1;2;619292
2022;SP;7;Deputado Estadual;23245861;94;247296;PSC;2;0;2;613796
2022;PR;6;Deputado Federal;6038642;30;201288;PL;2;1;2;593160
2022;RN;7;Deputado Estadual;1865045;24;77710;CIDADANIA / PSDB;7;3;7;588122
2022;RS;6;Deputado Federal;6149822;31;198381;MDB;2;1;2;586325
2022;PI;7;Deputado Estadual;1970638;30;65688;MDB;8;1;8;577108
2022;GO;6;Deputado Federal;3439644;17;202332;PL;2;2;2;574775
2022;RJ;6;Deputado Federal;8575988;46;186435;PP;3;0;3;569050
2022;MG;7;Deputado Estadual;11076602;77;143852;CIDADANIA / PSDB;3;1;3;553105
2022;RS;6;Deputado Federal;6149822;31;198381;REPUBLICANOS;2;1;2;549530
2022;RS;7;Deputado Estadual;6155799;55;111924;REPUBLICANOS;4;1;4;546106
2022;AL;6;Deputado Federal;1650763;9;183418;PP;2;2;2;546041
2022;RS;7;Deputado Estadual;6155799;55;111924;CIDADANIA / PSDB;4;1;4;543632
2022;MG;6;Deputado Federal;11181098;53;210964;PATRIOTA;2;1;2;543201
2022;PA;6;Deputado Federal;4521516;17;265972;PL;2;1;2;539998
2022;PE;6;Deputado Federal;4969863;25;198795;PT / PV / PC do B;2;1;2;535934
2022;BA;6;Deputado Federal;7958431;39;204062;REPUBLICANOS;2;1;2;533293
2022;RJ;7;Deputado Estadual;8492935;70;121328;REDE / PSOL;4;1;4;528092
2022;SC;6;Deputado Federal;3969848;16;248115;PT / PV / PC do B;2;0;2;524433
2022;RS;6;Deputado Federal;6149822;31;198381;PP;2;1;2;522295
2022;RS;7;Deputado Estadual;6155799;55;111924;PL;4;1;4;519833
2022;PR;7;Deputado Estadual;6058064;54;112186;PL;4;1;4;508763
2022;SC;7;Deputado Estadual;4004036;40;100101;MDB;5;1;5;505571
2022;CE;7;Deputado Estadual;5054996;46;109891;PL;4;0;4;495261
2022;RJ;6;Deputado Federal;8575988;46;186435;REPUBLICANOS;2;1;2;494330
2022;PE;7;Deputado Estadual;5013585;49;102318;UNIÃO;4;1;4;484166
2022;PR;7;Deputado Estadual;6058064;54;112186;PP;4;0;4;484051
2022;RS;6;Deputado Federal;6149822;31;198381;CIDADANIA / PSDB;2;1;2;480995
2022;PB;6;Deputado Federal;2209355;12;184113;REPUBLICANOS;2;1;2;478581
2022;MG;7;Deputado Estadual;11076602;77;143852;REPUBLICANOS;3;0;3;475359
2022;BA;7;Deputado Estadual;7937716;63;125995;PL;3;1;3;469296
2022;RS;7;Deputado Estadual;6155799;55;111924;PDT;4;0;4;467723
2022;PE;6;Deputado Federal;4969863;25;198795;UNIÃO;2;1;2;461431
2022;SC;7;Deputado Estadual;4004036;40;100101;PT / PV / PC do B;4;0;4;456605
2022;PE;7;Deputado Estadual;5013585;49;102318;PL;4;1;4;456482
2022;MG;7;Deputado Estadual;11076602;77;143852;UNIÃO;3;0;3;451748
2022;MG;7;Deputado Estadual;11076602;77;143852;AVANTE;3;0;3;449165
2022;GO;7;Deputado Estadual;3434510;41;83769;MDB;5;1;5;439589
2022;MG;7;Deputado Estadual;11076602;77;143852;PSC;3;0;3;433134
2022;GO;7;Deputado Estadual;3434510;41;83769;UNIÃO;5;1;5;430321
2022;PR;6;Deputado Federal;6038642;30;201288;PODE;1;0;2;429991
2022;SP;7;Deputado Estadual;23245861;94;247296;NOVO;1;0;1;428030
2022;PI;6;Deputado Federal;1957483;10;195748;PSD;2;1;2;426968
2022;PB;7;Deputado Estadual;2243483;36;62319;REPUBLICANOS;6;2;6;426682
2022;MG;7;Deputado Estadual;11076602;77;143852;REDE / PSOL;2;1;2;425937
2022;MG;6;Deputado Federal;11181098;53;210964;PDT;2;0;2;425633
2022;MA;7;Deputado Estadual;3691036;42;87882;PT / PV / PC do B;4;1;4;422330
2022;PE;6;Deputado Federal;4969863;25;198795;REPUBLICANOS;2;0;2;416059
2022;SC;6;Deputado Federal;3969848;16;248115;MDB;1;2;1;415237
2022;RJ;7;Deputado Estadual;8492935;70;121328;PP;3;1;3;414957
2022;RJ;6;Deputado Federal;8575988;46;186435;MDB;2;0;2;414506
2022;PA;7;Deputado Estadual;4538980;41;110707;CIDADANIA / PSDB;3;1;3;409695
2022;BA;7;Deputado Estadual;7937716;63;125995;CIDADANIA / PSDB;3;0;3;409300
2022;MA;6;Deputado Federal;3706498;18;205917;PT / PV / PC do B;1;1;1;407352
2022;PI;7;Deputado Estadual;1970638;30;65688;PP;6;1;6;406990
2022;CE;7;Deputado Estadual;5054996;46;109891;UNIÃO;3;1;3;406255
2022;MG;6;Deputado Federal;11181098;53;210964;MDB;1;1;1;403038
2022;BA;7;Deputado Estadual;7937716;63;125995;REPUBLICANOS;3;0;3;401163
2022;PI;6;Deputado Federal;1957483;10;195748;PP;2;0;2;400918
2022;AM;7;Deputado Estadual;1968109;24;82005;UNIÃO;4;2;4;397540
2022;BA;6;Deputado Federal;7958431;39;204062;PDT;1;1;1;396887
2022;MG;6;Deputado Federal;11181098;53;210964;CIDADANIA / PSDB;1;1;1;392483
2022;SC;6;Deputado Federal;3969848;16;248115;PSD;1;1;1;391429
2022;RN;7;Deputado Estadual;1865045;24;77710;PT / PV / PC do B;4;2;4;387591
2022;PA;7;Deputado Estadual;4538980;41;110707;PT / PV / PC do B;3;1;3;385496
2022;PE;7;Deputado Estadual;5013585;49;102318;SOLIDARIEDADE;3;1;3;384664
2022;SP;7;Deputado Estadual;23245861;94;247296;PDT;1;0;1;384377
2022;MA;7;Deputado Estadual;3691036;42;87882;PL;4;1;4;381909
2022;PA;6;Deputado Federal;4521516;17;265972;PT / PV / PC do B;1;1;1;381210
2022;SP;6;Deputado Federal;23375585;70;333937;SOLIDARIEDADE;1;0;1;379310
2022;MG;7;Deputado Estadual;11076602;77;143852;NOVO;2;0;2;377651
2022;MT;6;Deputado Federal;1730277;8;216285;PL;1;3;1;377457
2022;MA;6;Deputado Federal;3706498;18;205917;UNIÃO;1;1;1;374204
2022;GO;6;Deputado Federal;3439644;17;202332;UNIÃO;1;1;1;373859
2022;AM;6;Deputado Federal;1976477;8;247060;UNIÃO;1;1;1;372802
2022;MG;6;Deputado Federal;11181098;53;210964;REPUBLICANOS;1;1;1;371939
2022;CE;7;Deputado Estadual;5054996;46;109891;MDB;3;0;3;371640
2022;MG;7;Deputado Estadual;11076602;77;143852;PATRIOTA;2;1;2;371263
2022;RN;6;Deputado Federal;1864825;8;233103;PL;1;3;1;370465
2022;MG;7;Deputado Estadual;11076602;77;143852;PMN;2;1;2;369047
2022;SP;6;Deputado Federal;23375585;70;333937;NOVO;1;0;1;361268
2022;PA;6;Deputado Federal;4521516;17;265972;PSD;1;1;1;350784
2022;RJ;7;Deputado Estadual;8492935;70;121328;SOLIDARIEDADE;2;1;2;350749
2022;SP;7;Deputado Estadual;23245861;94;247296;SOLIDARIEDADE;1;0;1;345811
2022;PR;7;Deputado Estadual;6058064;54;112186;REPUBLICANOS;3;0;3;342630
2022;MA;7;Deputado Estadual;3691036;42;87882;PP;3;1;3;341747
2022;MG;6;Deputado Federal;11181098;53;210964;PODE;1;1;1;338977
2022;MA;7;Deputado Estadual;3691036;42;87882;PDT;3;1;3;333171
2022;PB;7;Deputado Estadual;2243483;36;62319;PSB;5;1;5;331554
2022;CE;7;Deputado Estadual;5054996;46;109891;PSD;3;0;3;330399
2022;PB;6;Deputado Federal;2209355;12;184113;PP;1;1;1;327019
2022;AM;6;Deputado Federal;1976477;8;247060;CIDADANIA / PSDB;1;0;1;323729
2022;AM;6;Deputado Federal;1976477;8;247060;PSD;1;1;1;323344
2022;RJ;7;Deputado Estadual;8492935;70;121328;REPUBLICANOS;2;1;2;322674
2022;PR;7;Deputado Estadual;6058064;54;112186;CIDADANIA / PSDB;2;1;2;322115
2022;RS;6;Deputado Federal;6149822;31;198381;PDT;1;1;1;321317
2022;RS;6;Deputado Federal;6149822;31;198381;PODE;1;0;1;318850
2022;MS;6;Deputado Federal;1374808;8;171851;CIDADANIA / PSDB;1;2;1;317502
2022;RN;6;Deputado Federal;1864825;8;233103;PT / PV / PC do B;1;1;1;316707
2022;MG;7;Deputado Estadual;11076602;77;143852;MDB;2;0;2;315679
2022;RN;6;Deputado Federal;1864825;8;233103;UNIÃO;1;1;1;315590
2022;PB;6;Deputado Federal;2209355;12;184113;PSC;1;1;1;314599
2022;MG;7;Deputado Estadual;11076602;77;143852;PDT;2;0;2;313735
2022;MG;6;Deputado Federal;11181098;53;210964;REDE / PSOL;1;0;1;312260
2022;BA;7;Deputado Estadual;7937716;63;125995;PSB;2;0;2;311346
2022;RJ;7;Deputado Estadual;8492935;70;121328;PODE;2;0;2;307758
2022;RS;7;Deputado Estadual;6155799;55;111924;UNIÃO;2;1;2;305406
2022;MA;6;Deputado Federal;3706498;18;205917;PP;1;1;1;304434
2022;RS;6;Deputado Federal;6149822;31;198381;REDE / PSOL;1;0;1;303180
2022;RS;6;Deputado Federal;6149822;31;198381;NOVO;1;0;1;301966
2022;PA;6;Deputado Federal;4521516;17;265972;UNIÃO;1;0;1;301599
2022;MA;6;Deputado Federal;3706498;18;205917;MDB;1;0;1;301583
2022;DF;6;Deputado Federal;1607519;8;200940;REPUBLICANOS;1;2;1;301307
2022;ES;6;Deputado Federal;2084430;10;208443;PP;1;1;1;296301
2022;PA;7;Deputado Estadual;4538980;41;110707;PP;2;1;2;296271
2022;RJ;7;Deputado Estadual;8492935;70;121328;MDB;2;0;2;295846
2022;RS;6;Deputado Federal;6149822;31;198381;PSD;1;0;1;295357
2022;PR;6;Deputado Federal;6038642;30;201288;REPUBLICANOS;1;0;1;295297
2022;CE;7;Deputado Estadual;5054996;46;109891;PP;2;1;2;295195
2022;SC;7;Deputado Estadual;4004036;40;100101;PSD;2;1;2;293675
2022;SP;6;Deputado Federal;23375585;70;333937;PSC;0;1;0;293192
2022;MS;7;Deputado Estadual;1404566;24;58524;CIDADANIA / PSDB;5;1;5;293036
2022;GO;6;Deputado Federal;3439644;17;202332;PT / PV / PC do B;1;1;1;292767
2022;AM;6;Deputado Federal;1976477;8;247060;REPUBLICANOS;1;1;1;291549
2022;DF;6;Deputado Federal;1607519;8;200940;PT / PV / PC do B;1;1;1;291004
2022;PE;7;Deputado Estadual;5013585;49;102318;CIDADANIA / PSDB;2;1;2;289991
2022;BA;6;Deputado Federal;7958431;39;204062;MDB;1;0;1;289982
2022;RS;7;Deputado Estadual;6155799;55;111924;REDE / PSOL;2;0;2;288839
2022;GO;6;Deputado Federal;3439644;17;202332;PP;1;1;1;287770
2022;SP;6;Deputado Federal;23375585;70;333937;PDT;0;0;0;285898
2022;PA;7;Deputado Estadual;4538980;41;110707;PL;2;1;2;285138
2022;PB;6;Deputado Federal;2209355;12;184113;PL;1;1;1;283272
2022;GO;7;Deputado Estadual;3434510;41;83769;PRTB;3;1;3;282511
2022;SC;7;Deputado Estadual;4004036;40;100101;PP;2;1;2;280551
2022;SC;6;Deputado Federal;3969848;16;248115;UNIÃO;1;0;1;279432
2022;GO;6;Deputado Federal;3439644;17;202332;MDB;1;1;1;277308
2022;MA;6;Deputado Federal;3706498;18;205917;PSB;1;0;1;277012
2022;BA;6;Deputado Federal;7958431;39;204062;AVANTE;1;0;1;276488
2022;DF;6;Deputado Federal;1607519;8;200940;PL;1;1;1;275496
2022;BA;7;Deputado Estadual;7937716;63;125995;SOLIDARIEDADE;2;0;2;274173
2022;BA;6;Deputado Federal;7958431;39;204062;CIDADANIA / PSDB;1;0;1;274059
2022;SC;6;Deputado Federal;3969848;16;248115;CIDADANIA / PSDB;1;0;1;273775
2022;PR;6;Deputado Federal;6038642;30;201288;MDB;1;0;1;273684
2022;GO;6;Deputado Federal;3439644;17;202332;REPUBLICANOS;1;0;1;273442
2022;MT;6;Deputado Federal;1730277;8;216285;MDB;1;1;1;272659
2022;CE;7;Deputado Estadual;5054996;46;109891;CIDADANIA / PSDB;2;0;2;272015
2022;RJ;6;Deputado Federal;8575988;46;186435;PODE;1;0;1;267667
2022;PA;7;Deputado Estadual;4538980;41;110707;PSC;2;0;2;267638
2022;PE;6;Deputado Federal;4969863;25;198795;REDE / PSOL;1;0;1;266874
2022;SC;7;Deputado Estadual;4004036;40;100101;UNIÃO;2;1;2;265764
2022;ES;7;Deputado Estadual;2077274;30;69242;PL;3;2;3;265398
2022;PA;7;Deputado Estadual;4538980;41;110707;PODE;2;0;2;262544
2022;AL;6;Deputado Federal;1650763;9;183418;MDB;1;1;1;260713
2022;CE;6;Deputado Federal;5108239;22;232193;MDB;1;0;1;259545
2022;PE;6;Deputado Federal;4969863;25;198795;MDB;1;0;1;259476
2022;RJ;7;Deputado Estadual;8492935;70;121328;PDT;2;0;2;259306
2022;MG;6;Deputado Federal;11181098;53;210964;PSC;1;0;1;258888
2022;ES;7;Deputado Estadual;2077274;30;69242;REPUBLICANOS;3;1;3;258409
2022;MT;7;Deputado Estadual;1728127;24;72005;UNIÃO;3;1;3;257949
2022;AM;7;Deputado Estadual;1968109;24;82005;AVANTE;3;1;3;253980
2022;GO;7;Deputado Estadual;3434510;41;83769;PT / PV / PC do B;2;1;2;251213
2022;PR;7;Deputado Estadual;6058064;54;112186;MDB;2;0;2;249744
2022;MT;6;Deputado Federal;1730277;8;216285;UNIÃO;1;1;1;249328
2022;BA;7;Deputado Estadual;7937716;63;125995;MDB;1;1;1;246881
2022;PE;7;Deputado Estadual;5013585;49;102318;REPUBLICANOS;2;0;2;246553
2022;MT;7;Deputado Estadual;1728127;24;72005;PSB;3;1;3;245099
2022;RJ;6;Deputado Federal;8575988;46;186435;PROS;1;0;1;243889
2022;SC;6;Deputado Federal;3969848;16;248115;NOVO;0;1;0;243668
2022;RN;7;Deputado Estadual;1865045;24;77710;PL;3;0;3;242973
2022;AL;7;Deputado Estadual;1658145;27;61413;PP;3;1;3;242341
2022;SP;6;Deputado Federal;23375585;70;333937;AVANTE;0;0;0;241814
2022;GO;7;Deputado Estadual;3434510;41;83769;PL;2;1;2;241138
2022;RJ;7;Deputado Estadual;8492935;70;121328;PROS;1;1;1;240658
2022;PA;7;Deputado Estadual;4538980;41;110707;PSD;2;0;2;239646
2022;SE;6;Deputado Federal;1191617;8;148952;UNIÃO;1;1;1;239275
2022;MG;7;Deputado Estadual;11076602;77;143852;PSB;1;0;1;237408
2022;SC;7;Deputado Estadual;4004036;40;100101;PODE;2;1;2;237137
2022;PB;6;Deputado Federal;2209355;12;184113;PSB;1;0;1;237099
2022;SC;7;Deputado Estadual;4004036;40;100101;CIDADANIA / PSDB;2;0;2;236317
2022;MA;6;Deputado Federal;3706498;18;205917;PSC;1;0;1;235561
2022;AM;6;Deputado Federal;1976477;8;247060;PL;0;1;0;234488
2022;SP;7;Deputado Estadual;23245861;94;247296;PATRIOTA;0;0;0;234367
2022;AL;6;Deputado Federal;1650763;9;183418;PT / PV / PC do B;1;1;1;234310
2022;PB;7;Deputado Estadual;2243483;36;62319;PP;3;1;3;233790
2022;RJ;6;Deputado Federal;8575988;46;186435;PDT;1;0;1;232718
2022;MA;7;Deputado Estadual;3691036;42;87882;PATRIOTA;2;1;2;232583
2022;MA;6;Deputado Federal;3706498;18;205917;PATRIOTA;1;0;1;231636
2022;MA;6;Deputado Federal;3706498;18;205917;PSD;1;0;1;230912
2022;PA;7;Deputado Estadual;4538980;41;110707;REPUBLICANOS;2;0;2;229019
2022;SP;6;Deputado Federal;23375585;70;333937;PATRIOTA;0;0;0;228947
2022;SP;7;Deputado Estadual;23245861;94;247296;PTB;0;0;0;226704
2022;CE;6;Deputado Federal;5108239;22;232193;PP;0;1;0;225463
2022;PE;6;Deputado Federal;4969863;25;198795;AVANTE;1;0;1;225100
2022;MA;6;Deputado Federal;3706498;18;205917;PODE;1;0;1;222975
2022;BA;7;Deputado Estadual;7937716;63;125995;PDT;1;0;1;222709
2022;RJ;7;Deputado Estadual;8492935;70;121328;PSB;1;1;1;221944
2022;DF;8;Deputado Distrital;1662497;24;69271;PL;3;1;3;221654
2022;ES;6;Deputado Federal;2084430;10;208443;PL;1;0;1;220995
2022;MG;7;Deputado Estadual;11076602;77;143852;PROS;1;0;1;218897
2022;MS;6;Deputado Federal;1374808;8;171851;PL;1;1;1;218427
2022;ES;6;Deputado Federal;2084430;10;208443;PT / PV / PC do B;1;1;1;217787
2022;MT;7;Deputado Estadual;1728127;24;72005;MDB;3;1;3;217756
2022;SP;6;Deputado Federal;23375585;70;333937;PTB;0;0;0;217212
2022;PR;7;Deputado Estadual;6058064;54;112186;PROS;1;1;1;216803
2022;RS;6;Deputado Federal;6149822;31;198381;UNIÃO;1;0;1;215367
2022;PA;7;Deputado Estadual;4538980;41;110707;PDT;1;1;1;215259
2022;RJ;6;Deputado Federal;8575988;46;186435;SOLIDARIEDADE;1;0;1;214441
2022;RJ;6;Deputado Federal;8575988;46;186435;PSB;1;0;1;214135
2022;PR;6;Deputado Federal;6038642;30;201288;PROS;1;0;1;214036
2022;MG;7;Deputado Estadual;11076602;77;143852;DC;1;0;1;211746
2022;PB;7;Deputado Estadual;2243483;36;62319;CIDADANIA / PSDB;3;0;3;210763
2022;GO;7;Deputado Estadual;3434510;41;83769;PP;2;1;2;209375
2022;SC;6;Deputado Federal;3969848;16;248115;PP;0;0;0;209318
2022;MA;7;Deputado Estadual;3691036;42;87882;PSD;2;0;2;207320
2022;PA;6;Deputado Federal;4521516;17;265972;PTB;0;0;0;206332
2022;TO;7;Deputado Estadual;834311;24;34763;REPUBLICANOS;5;2;5;205631
2022;MS;6;Deputado Federal;1374808;8;171851;PT / PV / PC do B;1;1;1;205316
2022;PB;7;Deputado Estadual;2243483;36;62319;UNIÃO;3;0;3;203446
2022;PB;6;Deputado Federal;2209355;12;184113;UNIÃO;1;0;1;203364
2022;MA;7;Deputado Estadual;3691036;42;87882;MDB;2;0;2;202326
2022;SE;7;Deputado Estadual;1216425;24;50684;PSD;3;2;3;202210
2022;AL;7;Deputado Estadual;1658145;27;61413;UNIÃO;3;0;3;201905
2022;PR;7;Deputado Estadual;6058064;54;112186;PODE;1;1;1;201720
2022;ES;6;Deputado Federal;2084430;10;208443;REPUBLICANOS;0;2;0;200917
2022;PA;6;Deputado Federal;4521516;17;265972;CIDADANIA / PSDB;0;0;0;200864
2022;SP;7;Deputado Estadual;23245861;94;247296;AVANTE;0;0;0;200838
2022;SE;6;Deputado Federal;1191617;8;148952;PSD;1;1;1;199933
2022;AM;7;Deputado Estadual;1968109;24;82005;PSC;2;1;2;199005
2022;PE;6;Deputado Federal;4969863;25;198795;SOLIDARIEDADE;0;1;0;196762
2022;RS;7;Deputado Estadual;6155799;55;111924;PODE;1;1;1;196671
2022;BA;7;Deputado Estadual;7937716;63;125995;PSC;1;0;1;195628
2022;RJ;7;Deputado Estadual;8492935;70;121328;PTB;1;0;1;195205
2022;RO;6;Deputado Federal;869148;8;108643;UNIÃO;1;3;1;195169
2022;BA;6;Deputado Federal;7958431;39;204062;PSB;0;1;0;194702
2022;ES;6;Deputado Federal;2084430;10;208443;PSB;0;1;0;194539
2022;PB;6;Deputado Federal;2209355;12;184113;PT / PV / PC do B;1;0;1;194362
2022;ES;6;Deputado Federal;2084430;10;208443;PODE;0;2;0;193999
2022;CE;7;Deputado Estadual;5054996;46;109891;REPUBLICANOS;1;1;1;193522
2022;RS;6;Deputado Federal;6149822;31;198381;PSB;0;1;0;193200
2022;MG;7;Deputado Estadual;11076602;77;143852;PODE;1;0;1;192418
2022;PB;7;Deputado Estadual;2243483;36;62319;PL;3;0;3;191274
2022;PA;6;Deputado Federal;4521516;17;265972;PSB;0;0;0;190408
2022;MA;6;Deputado Federal;3706498;18;205917;REPUBLICANOS;0;1;0;189824
2022;SP;7;Deputado Estadual;23245861;94;247296;PRTB;0;0;0;188943
2022;PA;7;Deputado Estadual;4538980;41;110707;UNIÃO;1;0;1;188449
2022;PA;6;Deputado Federal;4521516;17;265972;PP;0;0;0;187285
2022;GO;6;Deputado Federal;3439644;17;202332;PSC;0;1;0;186292
2022;MG;6;Deputado Federal;11181098;53;210964;PROS;0;1;0;185985
2022;SC;6;Deputado Federal;3969848;16;248115;PODE;0;0;0;185454
2022;MG;6;Deputado Federal;11181098;53;210964;NOVO;0;0;0;185099
2022;TO;6;Deputado Federal;830140;8;103767;REPUBLICANOS;1;2;1;184240
2022;PR;6;Deputado Federal;6038642;30;201288;PSB;0;1;0;183490
2022;MA;6;Deputado Federal;3706498;18;205917;PDT;0;1;0;183387
2022;AM;7;Deputado Estadual;1968109;24;82005;PL;2;1;2;183186
2022;GO;6;Deputado Federal;3439644;17;202332;CIDADANIA / PSDB;0;1;0;182286
2022;MG;6;Deputado Federal;11181098;53;210964;SOLIDARIEDADE;0;1;0;181577
2022;RS;7;Deputado Estadual;6155799;55;111924;PSD;1;0;1;181035
2022;GO;6;Deputado Federal;3439644;17;202332;PSD;0;1;0;180621
2022;GO;6;Deputado Federal;3439644;17;202332;PDT;0;1;0;180557
2022;CE;6;Deputado Federal;5108239;22;232193;REPUBLICANOS;0;0;0;179371
2022;PB;7;Deputado Estadual;2243483;36;62319;PT / PV / PC do B;2;1;2;179079
2022;PR;6;Deputado Federal;6038642;30;201288;CIDADANIA / PSDB;0;1;0;177460
2022;RJ;6;Deputado Federal;8575988;46;186435;PTB;0;1;0;177247
2022;RN;6;Deputado Federal;1864825;8;233103;MDB;0;0;0;176527
2022;BA;6;Deputado Federal;7958431;39;204062;PODE;0;1;0;176466
2022;MA;7;Deputado Estadual;3691036;42;87882;PODE;2;0;2;175894
2022;ES;7;Deputado Estadual;2077274;30;69242;PT / PV / PC do B;2;0;2;171974
2022;AL;6;Deputado Federal;1650763;9;183418;UNIÃO;0;1;0;170932
2022;RN;6;Deputado Federal;1864825;8;233103;SOLIDARIEDADE;0;0;0;169556
2022;CE;6;Deputado Federal;5108239;22;232193;PSB;0;0;0;169478
2022;PA;6;Deputado Federal;4521516;17;265972;REPUBLICANOS;0;0;0;168456
2022;RJ;6;Deputado Federal;8575988;46;186435;CIDADANIA / PSDB;0;0;0;167040
2022;RN;7;Deputado Estadual;1865045;24;77710;SOLIDARIEDADE;2;0;2;165757
2022;DF;8;Deputado Distrital;1662497;24;69271;PT / PV / PC do B;2;1;2;165506
2022;PE;7;Deputado Estadual;5013585;49;102318;PATRIOTA;1;0;1;165178
2022;ES;7;Deputado Estadual;2077274;30;69242;PSB;2;1;2;164155
2022;SE;6;Deputado Federal;1191617;8;148952;REPUBLICANOS;1;0;1;163758
2022;SC;7;Deputado Estadual;4004036;40;100101;REPUBLICANOS;1;0;1;163410
2022;DF;6;Deputado Federal;1607519;8;200940;MDB;0;1;0;162125
2022;AM;7;Deputado Estadual;1968109;24;82005;REPUBLICANOS;1;1;1;161512
2022;RN;7;Deputado Estadual;1865045;24;77710;UNIÃO;2;0;2;160513
2022;AM;7;Deputado Estadual;1968109;24;82005;PT / PV / PC do B;1;1;1;160227
2022;RS;7;Deputado Estadual;6155799;55;111924;PSB;1;0;1;160139
2022;MT;6;Deputado Federal;1730277;8;216285;PT / PV / PC do B;0;0;0;159866
2022;CE;7;Deputado Estadual;5054996;46;109891;REDE / PSOL;1;0;1;159746
2022;SE;7;Deputado Estadual;1216425;24;50684;UNIÃO;3;1;3;159587
2022;GO;7;Deputado Estadual;3434510;41;83769;REPUBLICANOS;1;1;1;158536
2022;MS;7;Deputado Estadual;1404566;24;58524;PT / PV / PC do B;2;1;2;158191
2022;MT;7;Deputado Estadual;1728127;24;72005;PL;2;0;2;156642
2022;MT;7;Deputado Estadual;1728127;24;72005;PT / PV / PC do B;2;0;2;156580
2022;PA;6;Deputado Federal;4521516;17;265972;REDE / PSOL;0;0;0;156463
2022;PE;6;Deputado Federal;4969863;25;198795;PODE;0;0;0;156384
2022;DF;8;Deputado Distrital;1662497;24;69271;MDB;2;1;2;155718
2022;MT;6;Deputado Federal;1730277;8;216285;REPUBLICANOS;0;0;0;155513
2022;SE;6;Deputado Federal;1191617;8;148952;PT / PV / PC do B;1;0;1;155309
2022;AM;6;Deputado Federal;1976477;8;247060;PT / PV / PC do B;0;0;0;154862
2022;BA;7;Deputado Estadual;7937716;63;125995;REDE / PSOL;1;0;1;154421
2022;RJ;7;Deputado Estadual;8492935;70;121328;PATRIOTA;1;0;1;154383
2022;ES;6;Deputado Federal;2084430;10;208443;PTB;0;0;0;153591
2022;MG;7;Deputado Estadual;11076602;77;143852;SOLIDARIEDADE;1;0;1;153241
2022;RN;6;Deputado Federal;1864825;8;233103;PP;0;0;0;153061
2022;SE;7;Deputado Estadual;1216425;24;50684;REPUBLICANOS;3;0;3;153040
2022;BA;6;Deputado Federal;7958431;39;204062;PSC;0;0;0;151321
2022;GO;7;Deputado Estadual;3434510;41;83769;AGIR;1;1;1;150998
2022;PA;6;Deputado Federal;4521516;17;265972;PDT;0;0;0;150865
2022;MT;6;Deputado Federal;1730277;8;216285;PSB;0;0;0;150534
2022;GO;6;Deputado Federal;3439644;17;202332;PATRIOTA;0;0;0;149111
2022;SE;7;Deputado Estadual;1216425;24;50684;PL;2;1;2;147920
2022;RS;7;Deputado Estadual;6155799;55;111924;NOVO;1;0;1;147221
2022;MT;7;Deputado Estadual;1728127;24;72005;REPUBLICANOS;2;0;2;147069
2022;ES;7;Deputado Estadual;2077274;30;69242;CIDADANIA / PSDB;2;1;2;146625
2022;MS;6;Deputado Federal;1374808;8;171851;PP;0;1;0;146606
2022;AL;6;Deputado Federal;1650763;9;183418;REPUBLICANOS;0;0;0;146523
2022;ES;7;Deputado Estadual;2077274;30;69242;UNIÃO;2;0;2;144715
2022;MA;7;Deputado Estadual;3691036;42;87882;PSC;1;1;1;144517
2022;RJ;7;Deputado Estadual;8492935;70;121328;AGIR;1;0;1;144381
2022;MT;7;Deputado Estadual;1728127;24;72005;PSD;1;1;1;143946
2022;PA;7;Deputado Estadual;4538980;41;110707;PTB;1;0;1;143576
2022;GO;7;Deputado Estadual;3434510;41;83769;CIDADANIA / PSDB;1;1;1;143554
2022;SE;6;Deputado Federal;1191617;8;148952;PL;0;1;0;143510
2022;MT;7;Deputado Estadual;1728127;24;72005;CIDADANIA / PSDB;1;1;1;142936
2022;MS;7;Deputado Estadual;1404566;24;58524;MDB;2;1;2;142878
2022;RO;6;Deputado Federal;869148;8;108643;PL;1;1;1;142693
2022;PE;6;Deputado Federal;4969863;25;198795;CIDADANIA / PSDB;0;0;0;141947
2022;CE;7;Deputado Estadual;5054996;46;109891;AVANTE;1;0;1;141869
2022;RJ;7;Deputado Estadual;8492935;70;121328;PSC;1;0;1;141704
2022;AM;6;Deputado Federal;1976477;8;247060;AVANTE;0;0;0;141622
2022;CE;7;Deputado Estadual;5054996;46;109891;PMN;1;0;1;140834
2022;GO;7;Deputado Estadual;3434510;41;83769;AVANTE;1;1;1;140751
2022;PE;6;Deputado Federal;4969863;25;198795;PDT;0;0;0;140384
2022;ES;7;Deputado Estadual;2077274;30;69242;PODE;2;1;2;140112
2022;PA;7;Deputado Estadual;4538980;41;110707;PSB;1;0;1;139691
2022;AL;7;Deputado Estadual;1658145;27;61413;REPUBLICANOS;2;0;2;137822
2022;ES;7;Deputado Estadual;2077274;30;69242;PP;1;1;1;137514
2022;DF;6;Deputado Federal;1607519;8;200940;PSB;0;0;0;136796
2022;GO;7;Deputado Estadual;3434510;41;83769;PSD;1;1;1;136747
2022;SC;7;Deputado Estadual;4004036;40;100101;NOVO;1;0;1;136632
2022;SE;6;Deputado Federal;1191617;8;148952;PP;0;1;0;136000
2022;GO;6;Deputado Federal;3439644;17;202332;SOLIDARIEDADE;0;0;0;135025
2022;PE;7;Deputado Estadual;5013585;49;102318;REDE / PSOL;1;0;1;134920
2022;GO;7;Deputado Estadual;3434510;41;83769;PATRIOTA;1;0;1;134399
2022;PR;6;Deputado Federal;6038642;30;201288;SOLIDARIEDADE;0;0;0;134285
2022;MT;6;Deputado Federal;1730277;8;216285;PSD;0;0;0;134258
2022;SE;7;Deputado Estadual;1216425;24;50684;PT / PV / PC do B;2;1;2;133373
2022;MS;7;Deputado Estadual;1404566;24;58524;PL;2;1;2;132945
2022;RJ;6;Deputado Federal;8575988;46;186435;AVANTE;0;0;0;131785
2022;RO;7;Deputado Estadual;863501;24;35979;UNIÃO;3;2;3;131338
2022;PR;7;Deputado Estadual;6058064;54;112186;PDT;1;0;1;131105
2022;CE;6;Deputado Federal;5108239;22;232193;REDE / PSOL;0;0;0;129432
2022;PB;7;Deputado Estadual;2243483;36;62319;SOLIDARIEDADE;2;0;2;129252
2022;ES;6;Deputado Federal;2084430;10;208443;PDT;0;0;0;125713
2022;MG;6;Deputado Federal;11181098;53;210964;PTB;0;0;0;125334
2022;ES;6;Deputado Federal;2084430;10;208443;UNIÃO;0;0;0;123947
2022;ES;6;Deputado Federal;2084430;10;208443;PSC;0;0;0;123750
2022;BA;7;Deputado Estadual;7937716;63;125995;AVANTE;0;1;0;121860
2022;RJ;7;Deputado Estadual;8492935;70;121328;PMN;1;0;1;121456
2022;SC;6;Deputado Federal;3969848;16;248115;REPUBLICANOS;0;0;0;120494
2022;DF;8;Deputado Distrital;1662497;24;69271;REDE / PSOL;1;1;1;118039
2022;AL;6;Deputado Federal;1650763;9;183418;PSB;0;0;0;117921
2022;DF;6;Deputado Federal;1607519;8;200940;PP;0;0;0;117553
2022;PR;7;Deputado Estadual;6058064;54;112186;SOLIDARIEDADE;1;0;1;116479
2022;MS;7;Deputado Estadual;1404566;24;58524;PP;1;1;1;116417
2022;TO;7;Deputado Estadual;834311;24;34763;PL;3;1;3;116003
2022;PR;7;Deputado Estadual;6058064;54;112186;PSB;1;0;1;115199
2022;GO;7;Deputado Estadual;3434510;41;83769;PSC;1;0;1;113085
2022;PI;7;Deputado Estadual;1970638;30;65688;REPUBLICANOS;1;0;1;112887
2022;BA;7;Deputado Estadual;7937716;63;125995;PATRIOTA;0;1;0;112674
2022;AM;7;Deputado Estadual;1968109;24;82005;MDB;1;0;1;111311
2022;AM;7;Deputado Estadual;1968109;24;82005;PATRIOTA;1;0;1;110871
2022;RJ;7;Deputado Estadual;8492935;70;121328;AVANTE;0;1;0;110708
2022;TO;7;Deputado Estadual;834311;24;34763;PSD;3;0;3;110585
2022;DF;8;Deputado Distrital;1662497;24;69271;AGIR;1;1;1;110392
2022;MG;6;Deputado Federal;11181098;53;210964;PSB;0;0;0;110298
2022;ES;7;Deputado Estadual;2077274;30;69242;PDT;1;1;1;109905
2022;PA;7;Deputado Estadual;4538980;41;110707;REDE / PSOL;0;1;0;109069
2022;SE;7;Deputado Estadual;1216425;24;50684;PP;2;0;2;108616
2022;BA;6;Deputado Federal;7958431;39;204062;SOLIDARIEDADE;0;0;0;108138
2022;PB;7;Deputado Estadual;2243483;36;62319;MDB;1;1;1;108014
2022;AL;7;Deputado Estadual;1658145;27;61413;PT / PV / PC do B;1;1;1;106346
2022;RS;7;Deputado Estadual;6155799;55;111924;PTB;0;1;0;106233
2022;ES;7;Deputado Estadual;2077274;30;69242;REDE / PSOL;1;0;1;105427
2022;GO;7;Deputado Estadual;3434510;41;83769;PDT;1;0;1;104986
2022;DF;8;Deputado Distrital;1662497;24;69271;PP;1;1;1;104862
2022;TO;6;Deputado Federal;830140;8;103767;UNIÃO;1;0;1;104375
2022;RN;6;Deputado Federal;1864825;8;233103;REPUBLICANOS;0;0;0;103940
2022;PB;7;Deputado Estadual;2243483;36;62319;PSD;1;0;1;102875
2022;PI;6;Deputado Federal;1957483;10;195748;REPUBLICANOS;0;0;0;102490
2022;MT;6;Deputado Federal;1730277;8;216285;PTB;0;0;0;101434
2022;SP;7;Deputado Estadual;23245861;94;247296;PROS;0;0;0;100860
2022;RN;6;Deputado Federal;1864825;8;233103;PSB;0;0;0;100539
2022;RJ;7;Deputado Estadual;8492935;70;121328;CIDADANIA / PSDB;0;0;0;98789
2022;ES;6;Deputado Federal;2084430;10;208443;CIDADANIA / PSDB;0;0;0;97345
2022;DF;8;Deputado Distrital;1662497;24;69271;PSD;1;1;1;97242
2022;DF;8;Deputado Distrital;1662497;24;69271;UNIÃO;1;0;1;97097
2022;SC;7;Deputado Estadual;4004036;40;100101;PTB;0;1;0;96767
2022;ES;7;Deputado Estadual;2077274;30;69242;PTB;1;0;1;96412
2022;MT;7;Deputado Estadual;1728127;24;72005;PP;1;0;1;96093
2022;GO;7;Deputado Estadual;3434510;41;83769;PSB;1;0;1;96035
2022;RJ;6;Deputado Federal;8575988;46;186435;PMN;0;0;0;95910
2022;DF;8;Deputado Distrital;1662497;24;69271;REPUBLICANOS;1;0;1;95236
2022;RO;6;Deputado Federal;869148;8;108643;MDB;0;2;0;93748
2022;AC;6;Deputado Federal;434253;8;54282;PP;1;2;1;93602
2022;SC;7;Deputado Estadual;4004036;40;100101;PSB;0;0;0;92851
2022;SE;7;Deputado Estadual;1216425;24;50684;CIDADANIA / PSDB;1;1;1;92802
2022;RJ;7;Deputado Estadual;8492935;70;121328;DC;0;0;0;92745
2022;PI;6;Deputado Federal;1957483;10;195748;SOLIDARIEDADE;0;0;0;92683
2022;RS;7;Deputado Estadual;6155799;55;111924;PSC;0;0;0;91989
2022;RJ;6;Deputado Federal;8575988;46;186435;PATRIOTA;0;0;0;91410
2022;RN;7;Deputado Estadual;1865045;24;77710;MDB;1;0;1;91113
2022;MA;7;Deputado Estadual;3691036;42;87882;REPUBLICANOS;1;0;1;91045
2022;PR;6;Deputado Federal;6038642;30;201288;PDT;0;0;0;90644
2022;TO;6;Deputado Federal;830140;8;103767;PL;0;2;0;90627
2022;RS;6;Deputado Federal;6149822;31;198381;PTB;0;0;0;89766
2022;TO;6;Deputado Federal;830140;8;103767;PP;0;2;0;89619
2022;RJ;7;Deputado Estadual;8492935;70;121328;NOVO;0;0;0;88249
2022;SC;7;Deputado Estadual;4004036;40;100101;PATRIOTA;0;0;0;88159
2022;RJ;7;Deputado Estadual;8492935;70;121328;PRTB;0;0;0;85943
2022;AC;6;Deputado Federal;434253;8;54282;UNIÃO;1;2;1;84939
2022;MG;6;Deputado Federal;11181098;53;210964;PMN;0;0;0;84938
2022;SC;7;Deputado Estadual;4004036;40;100101;REDE / PSOL;0;1;0;84545
2022;AM;7;Deputado Estadual;1968109;24;82005;PMB;1;0;1;84264
2022;TO;7;Deputado Estadual;834311;24;34763;PT / PV / PC do B;2;0;2;83797
2022;MS;7;Deputado Estadual;1404566;24;58524;UNIÃO;1;0;1;83208
2022;MS;6;Deputado Federal;1374808;8;171851;PSD;0;0;0;82584
2022;DF;6;Deputado Federal;1607519;8;200940;UNIÃO;0;0;0;82274
2022;SC;7;Deputado Estadual;4004036;40;100101;PDT;0;1;0;82141
2022;RJ;6;Deputado Federal;8575988;46;186435;NOVO;0;0;0;81735
2022;GO;7;Deputado Estadual;3434510;41;83769;SOLIDARIEDADE;0;1;0;81628
2022;ES;7;Deputado Estadual;2077274;30;69242;PATRIOTA;1;0;1;81389
2022;RO;7;Deputado Estadual;863501;24;35979;PSD;2;1;2;81246
2022;RO;7;Deputado Estadual;863501;24;35979;PATRIOTA;2;1;2;79687
2022;MG;7;Deputado Estadual;11076602;77;143852;PTB;0;0;0;79467
2022;GO;6;Deputado Federal;3439644;17;202332;PSB;0;0;0;78959
2022;AL;6;Deputado Federal;1650763;9;183418;PSD;0;0;0;78589
2022;MS;6;Deputado Federal;1374808;8;171851;MDB;0;0;0;77614
2022;PI;6;Deputado Federal;1957483;10;195748;UNIÃO;0;0;0;77581
2022;RO;6;Deputado Federal;869148;8;108643;PODE;0;0;0;77507
2022;AM;7;Deputado Estadual;1968109;24;82005;CIDADANIA / PSDB;0;1;0;76951
2022;GO;7;Deputado Estadual;3434510;41;83769;DC;0;1;0;76950
2022;RO;7;Deputado Estadual;863501;24;35979;PL;2;0;2;75923
2022;DF;8;Deputado Distrital;1662497;24;69271;PMN;1;0;1;75661
2022;ES;6;Deputado Federal;2084430;10;208443;PATRIOTA;0;0;0;75289
2022;MS;6;Deputado Federal;1374808;8;171851;REPUBLICANOS;0;0;0;75274
2022;PR;7;Deputado Estadual;6058064;54;112186;NOVO;0;0;0;74996
2022;DF;8;Deputado Distrital;1662497;24;69271;PSB;1;0;1;74974
2022;PB;7;Deputado Estadual;2243483;36;62319;REDE / PSOL;1;0;1;74358
2022;ES;7;Deputado Estadual;2077274;30;69242;PSC;1;0;1;73749
2022;PE;7;Deputado Estadual;5013585;49;102318;PDT;0;0;0;73659
2022;RO;7;Deputado Estadual;863501;24;35979;REPUBLICANOS;2;0;2;73369
2022;MA;7;Deputado Estadual;3691036;42;87882;UNIÃO;0;1;0;72612
2022;TO;6;Deputado Federal;830140;8;103767;PODE;0;0;0;72312
2022;RO;6;Deputado Federal;869148;8;108643;PSD;0;0;0;72130
2022;MS;7;Deputado Estadual;1404566;24;58524;PDT;1;0;1;72125
2022;PR;7;Deputado Estadual;6058064;54;112186;PTB;0;0;0;72081
2022;SC;6;Deputado Federal;3969848;16;248115;PATRIOTA;0;0;0;71669
2022;DF;6;Deputado Federal;1607519;8;200940;PSD;0;0;0;71470
2022;GO;7;Deputado Estadual;3434510;41;83769;PMB;0;0;0;70901
2022;PB;6;Deputado Federal;2209355;12;184113;MDB;0;0;0;70561
2022;TO;6;Deputado Federal;830140;8;103767;PT / PV / PC do B;0;0;0;70023
2022;MS;7;Deputado Estadual;1404566;24;58524;REPUBLICANOS;1;0;1;69264
2022;PA;6;Deputado Federal;4521516;17;265972;PODE;0;0;0;69219
2022;DF;8;Deputado Distrital;1662497;24;69271;CIDADANIA / PSDB;0;1;0;68860
2022;MS;7;Deputado Estadual;1404566;24;58524;PODE;1;0;1;68498
2022;PR;6;Deputado Federal;6038642;30;201288;NOVO;0;0;0;68292
2022;RO;6;Deputado Federal;869148;8;108643;REPUBLICANOS;0;0;0;68284
2022;RR;6;Deputado Federal;291714;8;36464;REPUBLICANOS;1;2;1;68229
2022;TO;7;Deputado Estadual;834311;24;34763;UNIÃO;1;1;1;66857
2022;PA;6;Deputado Federal;4521516;17;265972;PSC;0;0;0;66841
2022;MA;6;Deputado Federal;3706498;18;205917;CIDADANIA / PSDB;0;0;0;66515
2022;GO;6;Deputado Federal;3439644;17;202332;PRTB;0;0;0;65807
2022;MA;7;Deputado Estadual;3691036;42;87882;CIDADANIA / PSDB;0;0;0;65549
2022;AP;6;Deputado Federal;423017;8;52877;PDT;1;2;1;64888
2022;AL;7;Deputado Estadual;1658145;27;61413;AVANTE;1;0;1;64184
2022;MS;6;Deputado Federal;1374808;8;171851;PODE;0;0;0;63976
2022;AM;7;Deputado Estadual;1968109;24;82005;PSB;0;0;0;63888
2022;AL;7;Deputado Estadual;1658145;27;61413;PL;1;0;1;63497
2022;SC;6;Deputado Federal;3969848;16;248115;PSB;0;0;0;63485
2022;MS;6;Deputado Federal;1374808;8;171851;UNIÃO;0;0;0;63354
2022;SC;6;Deputado Federal;3969848;16;248115;REDE / PSOL;0;0;0;62820
2022;MT;7;Deputado Estadual;1728127;24;72005;PTB;0;1;0;62728
2022;SC;6;Deputado Federal;3969848;16;248115;PTB;0;0;0;62709
2022;MS;7;Deputado Estadual;1404566;24;58524;PSD;1;0;1;62621
2022;MS;7;Deputado Estadual;1404566;24;58524;PRTB;1;0;1;62577
2022;RO;7;Deputado Estadual;863501;24;35979;MDB;1;1;1;61563
2022;SP;7;Deputado Estadual;23245861;94;247296;PMB;0;0;0;61020
2022;MT;7;Deputado Estadual;1728127;24;72005;PODE;0;0;0;60840
2022;SP;6;Deputado Federal;23375585;70;333937;PROS;0;0;0;60576
2022;SE;7;Deputado Estadual;1216425;24;50684;REDE / PSOL;1;0;1;59887
2022;TO;7;Deputado Estadual;834311;24;34763;CIDADANIA / PSDB;1;1;1;59603
2022;PI;7;Deputado Estadual;1970638;30;65688;SOLIDARIEDADE;0;1;0;59429
2022;GO;6;Deputado Federal;3439644;17;202332;AVANTE;0;0;0;59406
2022;AC;6;Deputado Federal;434253;8;54282;REPUBLICANOS;1;1;1;59017
2022;AM;7;Deputado Estadual;1968109;24;82005;PMN;0;0;0;58242
2022;RO;6;Deputado Federal;869148;8;108643;PSC;0;0;0;57845
2022;AC;7;Deputado Estadual;435770;24;18157;PDT;3;1;3;57680
2022;BA;6;Deputado Federal;7958431;39;204062;REDE / PSOL;0;0;0;57660
2022;SE;6;Deputado Federal;1191617;8;148952;PDT;0;0;0;57467
2022;GO;7;Deputado Estadual;3434510;41;83769;PODE;0;0;0;57174
2022;DF;8;Deputado Distrital;1662497;24;69271;AVANTE;0;1;0;56851
2022;GO;7;Deputado Estadual;3434510;41;83769;PTB;0;0;0;56586
2022;RN;6;Deputado Federal;1864825;8;233103;CIDADANIA / PSDB;0;0;0;55903
2022;SP;7;Deputado Estadual;23245861;94;247296;AGIR;0;0;0;54870
2022;CE;6;Deputado Federal;5108239;22;232193;CIDADANIA / PSDB;0;0;0;54575
2022;SP;6;Deputado Federal;23375585;70;333937;PRTB;0;0;0;54545
2022;MA;7;Deputado Estadual;3691036;42;87882;PROS;0;0;0;54123
2022;RJ;6;Deputado Federal;8575988;46;186435;AGIR;0;0;0;53854
2022;RO;7;Deputado Estadual;863501;24;35979;PSC;1;1;1;52702
2022;SE;7;Deputado Estadual;1216425;24;50684;PDT;1;0;1;52642
2022;BA;6;Deputado Federal;7958431;39;204062;PTB;0;0;0;52136
2022;BA;7;Deputado Estadual;7937716;63;125995;PTB;0;0;0;52108
2022;DF;6;Deputado Federal;1607519;8;200940;REDE / PSOL;0;0;0;52089
2022;MS;7;Deputado Estadual;1404566;24;58524;PATRIOTA;0;1;0;51532
2022;PE;6;Deputado Federal;4969863;25;198795;PRTB;0;0;0;51142
2022;TO;6;Deputado Federal;830140;8;103767;PSC;0;0;0;50659
2022;AP;7;Deputado Estadual;424262;24;17678;PDT;2;1;2;50424
2022;RR;6;Deputado Federal;291714;8;36464;MDB;1;1;1;49286
2022;RN;7;Deputado Estadual;1865045;24;77710;AVANTE;0;0;0;48862
2022;AP;6;Deputado Federal;423017;8;52877;PL;0;3;0;48841
2022;ES;7;Deputado Estadual;2077274;30;69242;PSD;0;0;0;48628
2022;RO;7;Deputado Estadual;863501;24;35979;PSB;1;0;1;48539
2022;PA;7;Deputado Estadual;4538980;41;110707;AVANTE;0;0;0;48390
2022;RN;7;Deputado Estadual;1865045;24;77710;PSD;0;0;0;48179
2022;TO;6;Deputado Federal;830140;8;103767;MDB;0;0;0;47679
2022;PR;6;Deputado Federal;6038642;30;201288;PTB;0;0;0;47433
2022;AP;7;Deputado Estadual;424262;24;17678;UNIÃO;2;1;2;47217
2022;AL;6;Deputado Federal;1650763;9;183418;CIDADANIA / PSDB;0;0;0;46970
2022;PR;7;Deputado Estadual;6058064;54;112186;PMB;0;0;0;46908
2022;RO;7;Deputado Estadual;863501;24;35979;PTB;1;0;1;46846
2022;RO;6;Deputado Federal;869148;8;108643;PT / PV / PC do B;0;0;0;46649
2022;MT;6;Deputado Federal;1730277;8;216285;CIDADANIA / PSDB;0;0;0;46221
2022;AC;7;Deputado Estadual;435770;24;18157;PP;2;1;2;45847
2022;AP;6;Deputado Federal;423017;8;52877;MDB;0;2;0;45697
2022;MS;7;Deputado Estadual;1404566;24;58524;PSB;0;0;0;44882
2022;RJ;7;Deputado Estadual;8492935;70;121328;PMB;0;0;0;44792
2022;ES;7;Deputado Estadual;2077274;30;69242;SOLIDARIEDADE;0;0;0;44589
2022;AC;7;Deputado Estadual;435770;24;18157;REPUBLICANOS;2;1;2;44442
2022;AC;7;Deputado Estadual;435770;24;18157;PL;2;0;2;44426
2022;PA;7;Deputado Estadual;4538980;41;110707;PRTB;0;0;0;43969
2022;PR;6;Deputado Federal;6038642;30;201288;REDE / PSOL;0;0;0;42841
2022;RO;7;Deputado Estadual;863501;24;35979;PODE;1;0;1;42534
2022;RR;6;Deputado Federal;291714;8;36464;UNIÃO;1;1;1;41831
2022;DF;8;Deputado Distrital;1662497;24;69271;PATRIOTA;0;0;0;41417
2022;TO;7;Deputado Estadual;834311;24;34763;PSB;1;0;1;40946
2022;RR;7;Deputado Estadual;294885;24;12287;REPUBLICANOS;3;1;3;40909
2022;RO;7;Deputado Estadual;863501;24;35979;PP;1;0;1;40830
2022;RS;6;Deputado Federal;6149822;31;198381;AVANTE;0;0;0;39776
2022;AC;7;Deputado Estadual;435770;24;18157;MDB;2;1;2;39617
2022;SP;7;Deputado Estadual;23245861;94;247296;UP;0;0;0;39545
2022;AP;6;Deputado Federal;423017;8;52877;PP;0;0;0;39086
2022;AC;6;Deputado Federal;434253;8;54282;MDB;0;0;0;39012
2022;DF;8;Deputado Distrital;1662497;24;69271;PSC;0;0;0;38387
2022;RO;7;Deputado Estadual;863501;24;35979;PT / PV / PC do B;1;0;1;38380
2022;AP;6;Deputado Federal;423017;8;52877;REPUBLICANOS;0;0;0;38346
2022;RJ;6;Deputado Federal;8575988;46;186435;PSC;0;0;0;38214
2022;AC;6;Deputado Federal;434253;8;54282;PT / PV / PC do B;0;0;0;38046
2022;PR;7;Deputado Estadual;6058064;54;112186;REDE / PSOL;0;0;0;37903
2022;MG;7;Deputado Estadual;11076602;77;143852;PMB;0;0;0;37832
2022;AL;7;Deputado Estadual;1658145;27;61413;PSD;0;0;0;37794
2022;AM;6;Deputado Federal;1976477;8;247060;MDB;0;0;0;37668
2022;CE;6;Deputado Federal;5108239;22;232193;AVANTE;0;0;0;36800
2022;TO;7;Deputado Estadual;834311;24;34763;SOLIDARIEDADE;1;0;1;36483
2022;AC;7;Deputado Estadual;435770;24;18157;UNIÃO;2;0;2;36472
2022;AP;6;Deputado Federal;423017;8;52877;PT / PV / PC do B;0;0;0;36416
2022;PI;7;Deputado Estadual;1970638;30;65688;PL;0;0;0;36235
2022;RJ;6;Deputado Federal;8575988;46;186435;PRTB;0;0;0;36225
2022;AP;6;Deputado Federal;423017;8;52877;REDE / PSOL;0;0;0;36225
2022;SC;6;Deputado Federal;3969848;16;248115;PSC;0;0;0;35820
2022;RO;6;Deputado Federal;869148;8;108643;PSB;0;0;0;35727
2022;ES;6;Deputado Federal;2084430;10;208443;REDE / PSOL;0;0;0;35536
2022;AC;7;Deputado Estadual;435770;24;18157;PSD;1;1;1;35491
2022;SE;7;Deputado Estadual;1216425;24;50684;PSB;0;0;0;34801
2022;AM;7;Deputado Estadual;1968109;24;82005;SOLIDARIEDADE;0;0;0;34140
2022;AC;6;Deputado Federal;434253;8;54282;CIDADANIA / PSDB;0;0;0;33903
2022;AP;7;Deputado Estadual;424262;24;17678;PT / PV / PC do B;1;1;1;33558
2022;SP;6;Deputado Federal;23375585;70;333937;AGIR;0;0;0;33343
2022;PR;6;Deputado Federal;6038642;30;201288;PSC;0;0;0;33081
2022;RN;7;Deputado Estadual;1865045;24;77710;PSB;0;0;0;32847
2022;TO;6;Deputado Federal;830140;8;103767;PSD;0;0;0;32746
2022;RS;7;Deputado Estadual;6155799;55;111924;AVANTE;0;0;0;32155
2022;GO;6;Deputado Federal;3439644;17;202332;PROS;0;0;0;32078
2022;PE;7;Deputado Estadual;5013585;49;102318;PSD;0;0;0;32050
2022;TO;7;Deputado Estadual;834311;24;34763;PSC;0;1;0;31886
2022;AP;7;Deputado Estadual;424262;24;17678;MDB;1;1;1;31744
2022;GO;7;Deputado Estadual;3434510;41;83769;PMN;0;0;0;31554
2022;MG;6;Deputado Federal;11181098;53;210964;PCB;0;0;0;31514
2022;SC;6;Deputado Federal;3969848;16;248115;PDT;0;0;0;31296
2022;PR;6;Deputado Federal;6038642;30;201288;DC;0;0;0;31099
2022;ES;7;Deputado Estadual;2077274;30;69242;MDB;0;0;0;30907
2022;PI;6;Deputado Federal;1957483;10;195748;PL;0;0;0;30902
2022;SC;7;Deputado Estadual;4004036;40;100101;DC;0;0;0;30781
2022;AM;6;Deputado Federal;1976477;8;247060;REDE / PSOL;0;0;0;30560
2022;SC;7;Deputado Estadual;4004036;40;100101;SOLIDARIEDADE;0;0;0;30557
2022;AP;7;Deputado Estadual;424262;24;17678;PL;1;1;1;30428
2022;MS;6;Deputado Federal;1374808;8;171851;PTB;0;0;0;30038
2022;SC;7;Deputado Estadual;4004036;40;100101;PSC;0;0;0;30036
2022;RR;6;Deputado Federal;291714;8;36464;PSD;0;1;0;29968
2022;TO;7;Deputado Estadual;834311;24;34763;PDT;0;1;0;29962
2022;DF;8;Deputado Distrital;1662497;24;69271;PODE;0;0;0;29647
2022;RS;6;Deputado Federal;6149822;31;198381;PSC;0;0;0;29346
2022;MG;7;Deputado Estadual;11076602;77;143852;PRTB;0;0;0;29122
2022;RS;7;Deputado Estadual;6155799;55;111924;SOLIDARIEDADE;0;0;0;29106
2022;MT;7;Deputado Estadual;1728127;24;72005;PATRIOTA;0;0;0;28922
2022;MA;7;Deputado Estadual;3691036;42;87882;PTB;0;0;0;28868
2022;MA;7;Deputado Estadual;3691036;42;87882;AGIR;0;0;0;28587
2022;RS;6;Deputado Federal;6149822;31;198381;PATRIOTA;0;0;0;28516
2022;GO;6;Deputado Federal;3439644;17;202332;PTB;0;0;0;28453
2022;RR;7;Deputado Estadual;294885;24;12287;PP;2;1;2;28034
2022;PR;7;Deputado Estadual;6058064;54;112186;AGIR;0;0;0;28015
2022;DF;6;Deputado Federal;1607519;8;200940;NOVO;0;0;0;27951
2022;AC;7;Deputado Estadual;435770;24;18157;PODE;1;1;1;27462
2022;AP;7;Deputado Estadual;424262;24;17678;PSD;1;1;1;27454
2022;AP;6;Deputado Federal;423017;8;52877;PTB;0;0;0;27438
2022;AP;7;Deputado Estadual;424262;24;17678;SOLIDARIEDADE;1;1;1;27258
2022;RR;6;Deputado Federal;291714;8;36464;PL;0;0;0;27213
2022;PI;6;Deputado Federal;1957483;10;195748;PDT;0;0;0;27146
2022;RN;7;Deputado Estadual;1865045;24;77710;PDT;0;0;0;27112
2022;TO;6;Deputado Federal;830140;8;103767;PTB;0;0;0;27111
2022;RR;7;Deputado Estadual;294885;24;12287;UNIÃO;2;1;2;26942
2022;AP;7;Deputado Estadual;424262;24;17678;REDE / PSOL;1;1;1;26824
2022;AP;6;Deputado Federal;423017;8;52877;PODE;0;0;0;26801
2022;RN;6;Deputado Federal;1864825;8;233103;PSD;0;0;0;26590
2022;RN;7;Deputado Estadual;1865045;24;77710;PMB;0;0;0;26045
2022;DF;8;Deputado Distrital;1662497;24;69271;PROS;0;0;0;25705
2022;ES;7;Deputado Estadual;2077274;30;69242;DC;0;0;0;25642
2022;MA;7;Deputado Estadual;3691036;42;87882;PRTB;0;0;0;25476
2022;AP;7;Deputado Estadual;424262;24;17678;PODE;1;0;1;25401
2022;RR;6;Deputado Federal;291714;8;36464;PP;0;0;0;25389
2022;AP;7;Deputado Estadual;424262;24;17678;PP;1;0;1;25375
2022;RR;7;Deputado Estadual;294885;24;12287;MDB;2;0;2;25353
2022;RO;7;Deputado Estadual;863501;24;35979;CIDADANIA / PSDB;0;0;0;25151
2022;AM;7;Deputado Estadual;1968109;24;82005;DC;0;0;0;25129
2022;SE;6;Deputado Federal;1191617;8;148952;REDE / PSOL;0;0;0;25023
2022;SP;7;Deputado Estadual;23245861;94;247296;PMN;0;0;0;24807
2022;AP;7;Deputado Estadual;424262;24;17678;CIDADANIA / PSDB;1;0;1;24732
2022;PE;7;Deputado Estadual;5013585;49;102318;AVANTE;0;0;0;24688
2022;AC;7;Deputado Estadual;435770;24;18157;PT / PV / PC do B;1;0;1;24687
2022;RR;7;Deputado Estadual;294885;24;12287;PMB;2;0;2;24641
2022;AC;6;Deputado Federal;434253;8;54282;PSD;0;0;0;24158
2022;SP;6;Deputado Federal;23375585;70;333937;UP;0;0;0;24142
2022;SE;7;Deputado Estadual;1216425;24;50684;PMN;0;0;0;23694
2022;MS;6;Deputado Federal;1374808;8;171851;AVANTE;0;0;0;23629
2022;GO;6;Deputado Federal;3439644;17;202332;NOVO;0;0;0;23591
2022;RN;6;Deputado Federal;1864825;8;233103;PDT;0;0;0;22404
2022;RO;6;Deputado Federal;869148;8;108643;AVANTE;0;0;0;22336
2022;RR;7;Deputado Estadual;294885;24;12287;PROS;1;1;1;22140
2022;MS;6;Deputado Federal;1374808;8;171851;PRTB;0;0;0;22135
2022;RJ;6;Deputado Federal;8575988;46;186435;PMB;0;0;0;21964
2022;SE;6;Deputado Federal;1191617;8;148952;CIDADANIA / PSDB;0;0;0;21948
2022;AC;6;Deputado Federal;434253;8;54282;PDT;0;0;0;21856
2022;TO;7;Deputado Estadual;834311;24;34763;MDB;0;0;0;21744
2022;RR;7;Deputado Estadual;294885;24;12287;PODE;1;1;1;21538
2022;AC;6;Deputado Federal;434253;8;54282;PODE;0;0;0;21069
2022;RR;7;Deputado Estadual;294885;24;12287;PRTB;1;1;1;20801
2022;MT;6;Deputado Federal;1730277;8;216285;REDE / PSOL;0;0;0;20794
2022;TO;7;Deputado Estadual;834311;24;34763;PTB;0;0;0;20702
2022;GO;6;Deputado Federal;3439644;17;202332;PODE;0;0;0;20644
2022;RS;7;Deputado Estadual;6155799;55;111924;PATRIOTA;0;0;0;20643
2022;AM;7;Deputado Estadual;1968109;24;82005;PDT;0;0;0;20479
2022;SP;7;Deputado Estadual;23245861;94;247296;PCB;0;0;0;20403
2022;TO;6;Deputado Federal;830140;8;103767;CIDADANIA / PSDB;0;0;0;20334
2022;SE;7;Deputado Estadual;1216425;24;50684;PODE;0;0;0;20078
2022;RO;7;Deputado Estadual;863501;24;35979;PMN;0;0;0;19867
2022;MG;6;Deputado Federal;11181098;53;210964;PRTB;0;0;0;19441
2022;PI;7;Deputado Estadual;1970638;30;65688;NOVO;0;0;0;19276
2022;RN;7;Deputado Estadual;1865045;24;77710;REPUBLICANOS;0;0;0;19250
2022;RO;6;Deputado Federal;869148;8;108643;PP;0;0;0;19239
2022;SE;7;Deputado Estadual;1216425;24;50684;PATRIOTA;0;0;0;19199
2022;AC;7;Deputado Estadual;435770;24;18157;PSB;1;0;1;19038
2022;DF;8;Deputado Distrital;1662497;24;69271;NOVO;0;0;0;18995
2022;DF;8;Deputado Distrital;1662497;24;69271;PTB;0;0;0;18863
2022;AC;7;Deputado Estadual;435770;24;18157;CIDADANIA / PSDB;1;0;1;18791
2022;SP;6;Deputado Federal;23375585;70;333937;PMB;0;0;0;18698
2022;CE;7;Deputado Estadual;5054996;46;109891;AGIR;0;0;0;18628
2022;PB;6;Deputado Federal;2209355;12;184113;REDE / PSOL;0;0;0;18325
2022;AP;6;Deputado Federal;423017;8;52877;CIDADANIA / PSDB;0;0;0;17849
2022;DF;8;Deputado Distrital;1662497;24;69271;PDT;0;0;0;17625
2022;RO;7;Deputado Estadual;863501;24;35979;AVANTE;0;0;0;17625
2022;RJ;6;Deputado Federal;8575988;46;186435;DC;0;0;0;17465
2022;SE;6;Deputado Federal;1191617;8;148952;PSB;0;0;0;17263
2022;GO;7;Deputado Estadual;3434510;41;83769;NOVO;0;0;0;17031
2022;PB;6;Deputado Federal;2209355;12;184113;PRTB;0;0;0;16991
2022;AC;7;Deputado Estadual;435770;24;18157;PROS;0;0;0;16541
2022;AL;7;Deputado Estadual;1658145;27;61413;PSB;0;0;0;16433
2022;PB;7;Deputado Estadual;2243483;36;62319;PRTB;0;0;0;16269
2022;RR;6;Deputado Federal;291714;8;36464;PODE;0;0;0;16201
2022;AP;6;Deputado Federal;423017;8;52877;PSC;0;0;0;16140
2022;PE;6;Deputado Federal;4969863;25;198795;PATRIOTA;0;0;0;16122
2022;AL;6;Deputado Federal;1650763;9;183418;PDT;0;0;0;16018
2022;AM;7;Deputado Estadual;1968109;24;82005;PROS;0;0;0;15975
2022;AP;6;Deputado Federal;423017;8;52877;PSB;0;0;0;15632
2022;RJ;7;Deputado Estadual;8492935;70;121328;UP;0;0;0;15544
2022;SP;6;Deputado Federal;23375585;70;333937;PCB;0;0;0;15510
2022;PR;7;Deputado Estadual;6058064;54;112186;DC;0;0;0;15469
2022;SP;6;Deputado Federal;23375585;70;333937;PMN;0;0;0;15463
2022;MS;7;Deputado Estadual;1404566;24;58524;PTB;0;0;0;15410
2022;RR;7;Deputado Estadual;294885;24;12287;PL;1;0;1;15085
2022;PB;6;Deputado Federal;2209355;12;184113;PDT;0;0;0;15037
2022;AP;7;Deputado Estadual;424262;24;17678;REPUBLICANOS;0;1;0;14899
2022;DF;8;Deputado Distrital;1662497;24;69271;PRTB;0;0;0;14795
2022;TO;6;Deputado Federal;830140;8;103767;PSB;0;0;0;14726
2022;PR;7;Deputado Estadual;6058064;54;112186;PSC;0;0;0;14575
2022;RN;6;Deputado Federal;1864825;8;233103;PSC;0;0;0;14573
2022;RR;7;Deputado Estadual;294885;24;12287;PSC;1;0;1;14549
2022;BA;6;Deputado Federal;7958431;39;204062;PATRIOTA;0;0;0;14405
2022;AP;7;Deputado Estadual;424262;24;17678;PROS;0;1;0;14377
2022;CE;7;Deputado Estadual;5054996;46;109891;PSB;0;0;0;14262
2022;RO;6;Deputado Federal;869148;8;108643;PTB;0;0;0;14213
2022;AP;7;Deputado Estadual;424262;24;17678;PTB;0;1;0;14174
2022;PR;6;Deputado Federal;6038642;30;201288;AGIR;0;0;0;14141
2022;RN;6;Deputado Federal;1864825;8;233103;PODE;0;0;0;14042
2022;CE;7;Deputado Estadual;5054996;46;109891;PTB;0;0;0;13763
2022;AM;6;Deputado Federal;1976477;8;247060;PATRIOTA;0;0;0;13742
2022;RR;6;Deputado Federal;291714;8;36464;REDE / PSOL;0;0;0;13741
2022;MS;7;Deputado Estadual;1404566;24;58524;REDE / PSOL;0;0;0;13463
2022;ES;7;Deputado Estadual;2077274;30;69242;AGIR;0;0;0;13358
2022;PR;6;Deputado Federal;6038642;30;201288;PMB;0;0;0;13324
2022;PB;6;Deputado Federal;2209355;12;184113;SOLIDARIEDADE;0;0;0;13084
2022;PR;7;Deputado Estadual;6058064;54;112186;PATRIOTA;0;0;0;12974
2022;PE;6;Deputado Federal;4969863;25;198795;NOVO;0;0;0;12947
2022;BA;7;Deputado Estadual;7937716;63;125995;PMN;0;0;0;12714
2022;RS;6;Deputado Federal;6149822;31;198381;SOLIDARIEDADE;0;0;0;12595
2022;MS;6;Deputado Federal;1374808;8;171851;PDT;0;0;0;12566
2022;MT;6;Deputado Federal;1730277;8;216285;PROS;0;0;0;12520
2022;SC;6;Deputado Federal;3969848;16;248115;AVANTE;0;0;0;12509
2022;BA;6;Deputado Federal;7958431;39;204062;NOVO;0;0;0;12426
2022;PI;7;Deputado Estadual;1970638;30;65688;PDT;0;0;0;12401
2022;RR;7;Deputado Estadual;294885;24;12287;PSD;0;1;0;12246
2022;PI;6;Deputado Federal;1957483;10;195748;PODE;0;0;0;12238
2022;AM;6;Deputado Federal;1976477;8;247060;PDT;0;0;0;12234
2022;GO;6;Deputado Federal;3439644;17;202332;AGIR;0;0;0;12067
2022;BA;6;Deputado Federal;7958431;39;204062;PMB;0;0;0;11944
2022;AM;6;Deputado Federal;1976477;8;247060;PSC;0;0;0;11926
2022;CE;6;Deputado Federal;5108239;22;232193;PSC;0;0;0;11900
2022;RR;7;Deputado Estadual;294885;24;12287;CIDADANIA / PSDB;0;1;0;11836
2022;DF;6;Deputado Federal;1607519;8;200940;AVANTE;0;0;0;11820
2022;PE;7;Deputado Estadual;5013585;49;102318;PRTB;0;0;0;11816
2022;MS;7;Deputado Estadual;1404566;24;58524;SOLIDARIEDADE;0;0;0;11595
2022;PB;6;Deputado Federal;2209355;12;184113;CIDADANIA / PSDB;0;0;0;11552
2022;AC;7;Deputado Estadual;435770;24;18157;SOLIDARIEDADE;0;0;0;11424
2022;PB;6;Deputado Federal;2209355;12;184113;PTB;0;0;0;11102
2022;CE;6;Deputado Federal;5108239;22;232193;PMN;0;0;0;11061
2022;SC;6;Deputado Federal;3969848;16;248115;SOLIDARIEDADE;0;0;0;10955
2022;AL;6;Deputado Federal;1650763;9;183418;PTB;0;0;0;10738
2022;MT;6;Deputado Federal;1730277;8;216285;PDT;0;0;0;10708
2022;MT;6;Deputado Federal;1730277;8;216285;PATRIOTA;0;0;0;10644
2022;SP;7;Deputado Estadual;23245861;94;247296;PSTU;0;0;0;10631
2022;PA;6;Deputado Federal;4521516;17;265972;SOLIDARIEDADE;0;0;0;10481
2022;AP;7;Deputado Estadual;424262;24;17678;PSC;0;0;0;10463
2022;MT;6;Deputado Federal;1730277;8;216285;PODE;0;0;0;10386
2022;AC;7;Deputado Estadual;435770;24;18157;PATRIOTA;0;0;0;10285
2022;RO;7;Deputado Estadual;863501;24;35979;PDT;0;0;0;10199
2022;PE;6;Deputado Federal;4969863;25;198795;PMN;0;0;0;10080
2022;DF;6;Deputado Federal;1607519;8;200940;CIDADANIA / PSDB;0;0;0;9805
2022;RO;6;Deputado Federal;869148;8;108643;PDT;0;0;0;9803
2022;BA;7;Deputado Estadual;7937716;63;125995;NOVO;0;0;0;9783
2022;PR;6;Deputado Federal;6038642;30;201288;PATRIOTA;0;0;0;9678
2022;MG;7;Deputado Estadual;11076602;77;143852;PCB;0;0;0;9675
2022;RR;7;Deputado Estadual;294885;24;12287;SOLIDARIEDADE;0;0;0;9602
2022;BA;6;Deputado Federal;7958431;39;204062;PROS;0;0;0;9577
2022;ES;7;Deputado Estadual;2077274;30;69242;PMB;0;0;0;9562
2022;DF;6;Deputado Federal;1607519;8;200940;PODE;0;0;0;9516
2022;DF;6;Deputado Federal;1607519;8;200940;PDT;0;0;0;9513
2022;GO;6;Deputado Federal;3439644;17;202332;REDE / PSOL;0;0;0;9439
2022;MG;7;Deputado Estadual;11076602;77;143852;UP;0;0;0;9228
2022;MS;6;Deputado Federal;1374808;8;171851;SOLIDARIEDADE;0;0;0;9219
2022;MA;7;Deputado Estadual;3691036;42;87882;REDE / PSOL;0;0;0;9198
2022;PB;7;Deputado Estadual;2243483;36;62319;PTB;0;0;0;9114
2022;RN;6;Deputado Federal;1864825;8;233103;AVANTE;0;0;0;8916
2022;ES;6;Deputado Federal;2084430;10;208443;NOVO;0;0;0;8819
2022;SP;6;Deputado Federal;23375585;70;333937;PSTU;0;0;0;8790
2022;SC;7;Deputado Estadual;4004036;40;100101;AVANTE;0;0;0;8610
2022;MS;6;Deputado Federal;1374808;8;171851;PSB;0;0;0;8599
2022;PI;6;Deputado Federal;1957483;10;195748;NOVO;0;0;0;8441
2022;PB;7;Deputado Estadual;2243483;36;62319;PMB;0;0;0;8434
2022;RN;7;Deputado Estadual;1865045;24;77710;PTB;0;0;0;8355
2022;RJ;6;Deputado Federal;8575988;46;186435;PCB;0;0;0;8196
2022;MA;6;Deputado Federal;3706498;18;205917;AVANTE;0;0;0;8162
2022;GO;7;Deputado Estadual;3434510;41;83769;REDE / PSOL;0;0;0;8130
2022;MA;6;Deputado Federal;3706498;18;205917;PROS;0;0;0;8069
2022;PE;7;Deputado Estadual;5013585;49;102318;AGIR;0;0;0;7991
2022;RJ;7;Deputado Estadual;8492935;70;121328;PCB;0;0;0;7857
2022;RO;7;Deputado Estadual;863501;24;35979;PMB;0;0;0;7814
2022;DF;6;Deputado Federal;1607519;8;200940;AGIR;0;0;0;7802
2022;AP;7;Deputado Estadual;424262;24;17678;PRTB;0;0;0;7729
2022;DF;6;Deputado Federal;1607519;8;200940;PMN;0;0;0;7545
2022;MA;6;Deputado Federal;3706498;18;205917;AGIR;0;0;0;7531
2022;RR;7;Deputado Estadual;294885;24;12287;PT / PV / PC do B;0;0;0;7441
2022;PB;7;Deputado Estadual;2243483;36;62319;PDT;0;0;0;7428
2022;MA;6;Deputado Federal;3706498;18;205917;REDE / PSOL;0;0;0;7410
2022;GO;6;Deputado Federal;3439644;17;202332;PMN;0;0;0;7399
2022;RN;7;Deputado Estadual;1865045;24;77710;REDE / PSOL;0;0;0;7345
2022;AM;6;Deputado Federal;1976477;8;247060;SOLIDARIEDADE;0;0;0;7294
2022;DF;6;Deputado Federal;1607519;8;200940;PSC;0;0;0;7280
2022;ES;7;Deputado Estadual;2077274;30;69242;PROS;0;0;0;7278
2022;PI;6;Deputado Federal;1957483;10;195748;REDE / PSOL;0;0;0;7266
2022;BA;7;Deputado Estadual;7937716;63;125995;PRTB;0;0;0;7264
2022;PI;7;Deputado Estadual;1970638;30;65688;PATRIOTA;0;0;0;7213
2022;MS;6;Deputado Federal;1374808;8;171851;NOVO;0;0;0;7183
2022;MS;6;Deputado Federal;1374808;8;171851;REDE / PSOL;0;0;0;7171
2022;PI;6;Deputado Federal;1957483;10;195748;CIDADANIA / PSDB;0;0;0;7109
2022;BA;7;Deputado Estadual;7937716;63;125995;PMB;0;0;0;7056
2022;AP;7;Deputado Estadual;424262;24;17678;AVANTE;0;0;0;6883
2022;PA;6;Deputado Federal;4521516;17;265972;PRTB;0;0;0;6851
2022;AL;7;Deputado Estadual;1658145;27;61413;PDT;0;0;0;6839
2022;CE;6;Deputado Federal;5108239;22;232193;PTB;0;0;0;6814
2022;MA;6;Deputado Federal;3706498;18;205917;NOVO;0;0;0;6755
2022;TO;6;Deputado Federal;830140;8;103767;PDT;0;0;0;6749
2022;AL;6;Deputado Federal;1650763;9;183418;AVANTE;0;0;0;6718
2022;PI;7;Deputado Estadual;1970638;30;65688;REDE / PSOL;0;0;0;6646
2022;BA;7;Deputado Estadual;7937716;63;125995;PROS;0;0;0;6634
2022;CE;7;Deputado Estadual;5054996;46;109891;PROS;0;0;0;6596
2022;TO;6;Deputado Federal;830140;8;103767;AVANTE;0;0;0;6555
2022;PB;7;Deputado Estadual;2243483;36;62319;DC;0;0;0;6544
2022;MG;6;Deputado Federal;11181098;53;210964;AGIR;0;0;0;6537
2022;BA;7;Deputado Estadual;7937716;63;125995;AGIR;0;0;0;6528
2022;RO;6;Deputado Federal;869148;8;108643;PATRIOTA;0;0;0;6415
2022;TO;6;Deputado Federal;830140;8;103767;PATRIOTA;0;0;0;6368
2022;AC;6;Deputado Federal;434253;8;54282;PSB;0;0;0;6321
2022;SP;7;Deputado Estadual;23245861;94;247296;DC;0;0;0;6313
2022;PE;7;Deputado Estadual;5013585;49;102318;PTB;0;0;0;6299
2022;PR;6;Deputado Federal;6038642;30;201288;PCB;0;0;0;6280
2022;PE;6;Deputado Federal;4969863;25;198795;PSD;0;0;0;6246
2022;PE;6;Deputado Federal;4969863;25;198795;PSC;0;0;0;6176
2022;AP;6;Deputado Federal;423017;8;52877;PSD;0;0;0;6109
2022;SE;6;Deputado Federal;1191617;8;148952;PODE;0;0;0;6062
2022;BA;6;Deputado Federal;7958431;39;204062;PCB;0;0;0;6017
2022;BA;6;Deputado Federal;7958431;39;204062;DC;0;0;0;5953
2022;PE;7;Deputado Estadual;5013585;49;102318;PCB;0;0;0;5905
2022;RO;7;Deputado Estadual;863501;24;35979;SOLIDARIEDADE;0;0;0;5828
2022;MG;7;Deputado Estadual;11076602;77;143852;PSTU;0;0;0;5815
2022;DF;8;Deputado Distrital;1662497;24;69271;PMB;0;0;0;5808
2022;RR;7;Deputado Estadual;294885;24;12287;PMN;0;0;0;5785
2022;DF;6;Deputado Federal;1607519;8;200940;PROS;0;0;0;5765
2022;CE;6;Deputado Federal;5108239;22;232193;PODE;0;0;0;5701
2022;CE;6;Deputado Federal;5108239;22;232193;PCB;0;0;0;5652
2022;TO;7;Deputado Estadual;834311;24;34763;PATRIOTA;0;0;0;5615
2022;PE;6;Deputado Federal;4969863;25;198795;PTB;0;0;0;5598
2022;GO;6;Deputado Federal;3439644;17;202332;DC;0;0;0;5583
2022;MA;7;Deputado Estadual;3691036;42;87882;PMB;0;0;0;5516
2022;PA;6;Deputado Federal;4521516;17;265972;AVANTE;0;0;0;5318
2022;PA;7;Deputado Estadual;4538980;41;110707;SOLIDARIEDADE;0;0;0;5313
2022;AP;7;Deputado Estadual;424262;24;17678;PSB;0;0;0;5305
2022;SP;6;Deputado Federal;23375585;70;333937;DC;0;0;0;5269
2022;AM;6;Deputado Federal;1976477;8;247060;PTB;0;0;0;5186
2022;PR;6;Deputado Federal;6038642;30;201288;PMN;0;0;0;5108
2022;AM;7;Deputado Estadual;1968109;24;82005;REDE / PSOL;0;0;0;5004
2022;DF;6;Deputado Federal;1607519;8;200940;SOLIDARIEDADE;0;0;0;4961
2022;PB;6;Deputado Federal;2209355;12;184113;AVANTE;0;0;0;4901
2022;AL;6;Deputado Federal;1650763;9;183418;REDE / PSOL;0;0;0;4896
2022;BA;7;Deputado Estadual;7937716;63;125995;DC;0;0;0;4892
2022;PA;7;Deputado Estadual;4538980;41;110707;PMB;0;0;0;4887
2022;MT;7;Deputado Estadual;1728127;24;72005;PDT;0;0;0;4876
2022;MG;6;Deputado Federal;11181098;53;210964;DC;0;0;0;4808
2022;AM;6;Deputado Federal;1976477;8;247060;PMN;0;0;0;4735
2022;MA;6;Deputado Federal;3706498;18;205917;PTB;0;0;0;4697
2022;SC;6;Deputado Federal;3969848;16;248115;PROS;0;0;0;4679
2022;MT;6;Deputado Federal;1730277;8;216285;NOVO;0;0;0;4613
2022;MT;6;Deputado Federal;1730277;8;216285;PP;0;0;0;4593
2022;PA;7;Deputado Estadual;4538980;41;110707;PROS;0;0;0;4589
2022;RR;6;Deputado Federal;291714;8;36464;PROS;0;0;0;4561
2022;MG;6;Deputado Federal;11181098;53;210964;PSTU;0;0;0;4551
2022;CE;6;Deputado Federal;5108239;22;232193;PATRIOTA;0;0;0;4551
2022;DF;6;Deputado Federal;1607519;8;200940;PTB;0;0;0;4548
2022;MT;6;Deputado Federal;1730277;8;216285;SOLIDARIEDADE;0;0;0;4530
2022;MG;6;Deputado Federal;11181098;53;210964;UP;0;0;0;4523
2022;BA;6;Deputado Federal;7958431;39;204062;AGIR;0;0;0;4495
2022;PR;7;Deputado Estadual;6058064;54;112186;PMN;0;0;0;4493
2022;PI;6;Deputado Federal;1957483;10;195748;PTB;0;0;0;4467
2022;PE;7;Deputado Estadual;5013585;49;102318;PMB;0;0;0;4465
2022;MT;7;Deputado Estadual;1728127;24;72005;AGIR;0;0;0;4447
2022;PB;7;Deputado Estadual;2243483;36;62319;AGIR;0;0;0;4429
2022;AC;6;Deputado Federal;434253;8;54282;SOLIDARIEDADE;0;0;0;4347
2022;PR;7;Deputado Estadual;6058064;54;112186;PRTB;0;0;0;4331
2022;SE;6;Deputado Federal;1191617;8;148952;PMN;0;0;0;4319
2022;RN;7;Deputado Estadual;1865045;24;77710;PATRIOTA;0;0;0;4293
2022;SE;6;Deputado Federal;1191617;8;148952;MDB;0;0;0;4292
2022;CE;7;Deputado Estadual;5054996;46;109891;PODE;0;0;0;4214
2022;SP;6;Deputado Federal;23375585;70;333937;PCO;0;0;0;4187
2022;SE;6;Deputado Federal;1191617;8;148952;PATRIOTA;0;0;0;4165
2022;DF;8;Deputado Distrital;1662497;24;69271;SOLIDARIEDADE;0;0;0;4054
2022;BA;6;Deputado Federal;7958431;39;204062;UP;0;0;0;4043
2022;AC;6;Deputado Federal;434253;8;54282;REDE / PSOL;0;0;0;3921
2022;RJ;7;Deputado Estadual;8492935;70;121328;PSTU;0;0;0;3899
2022;RN;6;Deputado Federal;1864825;8;233103;PTB;0;0;0;3892
2022;PE;6;Deputado Federal;4969863;25;198795;PCB;0;0;0;3873
2022;SE;6;Deputado Federal;1191617;8;148952;PTB;0;0;0;3873
2022;RS;7;Deputado Estadual;6155799;55;111924;PCB;0;0;0;3833
2022;DF;6;Deputado Federal;1607519;8;200940;DC;0;0;0;3816
2022;DF;6;Deputado Federal;1607519;8;200940;PATRIOTA;0;0;0;3763
2022;CE;6;Deputado Federal;5108239;22;232193;PROS;0;0;0;3722
2022;AM;7;Deputado Estadual;1968109;24;82005;PTB;0;0;0;3717
2022;BA;6;Deputado Federal;7958431;39;204062;PRTB;0;0;0;3701
2022;RR;7;Deputado Estadual;294885;24;12287;REDE / PSOL;0;0;0;3699
2022;SP;7;Deputado Estadual;23245861;94;247296;PCO;0;0;0;3673
2022;RS;6;Deputado Federal;6149822;31;198381;PCB;0;0;0;3661
2022;ES;6;Deputado Federal;2084430;10;208443;SOLIDARIEDADE;0;0;0;3633
2022;PE;6;Deputado Federal;4969863;25;198795;AGIR;0;0;0;3609
2022;RN;6;Deputado Federal;1864825;8;233103;PATRIOTA;0;0;0;3588
2022;PI;6;Deputado Federal;1957483;10;195748;PATRIOTA;0;0;0;3572
2022;SE;6;Deputado Federal;1191617;8;148952;DC;0;0;0;3562
2022;SC;6;Deputado Federal;3969848;16;248115;UP;0;0;0;3548
2022;PB;6;Deputado Federal;2209355;12;184113;UP;0;0;0;3507
2022;PE;6;Deputado Federal;4969863;25;198795;UP;0;0;0;3376
2022;AM;6;Deputado Federal;1976477;8;247060;PSB;0;0;0;3368
2022;DF;8;Deputado Distrital;1662497;24;69271;DC;0;0;0;3368
2022;PI;6;Deputado Federal;1957483;10;195748;PMN;0;0;0;3239
2022;RR;6;Deputado Federal;291714;8;36464;PMN;0;0;0;3192
2022;MA;7;Deputado Estadual;3691036;42;87882;PSTU;0;0;0;3185
2022;RN;7;Deputado Estadual;1865045;24;77710;PMN;0;0;0;3174
2022;ES;6;Deputado Federal;2084430;10;208443;AVANTE;0;0;0;3145
2022;PE;6;Deputado Federal;4969863;25;198795;DC;0;0;0;3140
2022;SC;7;Deputado Estadual;4004036;40;100101;PRTB;0;0;0;3126
2022;MA;7;Deputado Estadual;3691036;42;87882;DC;0;0;0;3104
2022;TO;6;Deputado Federal;830140;8;103767;REDE / PSOL;0;0;0;3095
2022;RR;6;Deputado Federal;291714;8;36464;PT / PV / PC do B;0;0;0;3092
2022;AL;6;Deputado Federal;1650763;9;183418;PATRIOTA;0;0;0;3040
2022;MG;6;Deputado Federal;11181098;53;210964;PMB;0;0;0;3034
2022;CE;6;Deputado Federal;5108239;22;232193;AGIR;0;0;0;3030
2022;PR;6;Deputado Federal;6038642;30;201288;PRTB;0;0;0;2973
2022;BA;7;Deputado Estadual;7937716;63;125995;UP;0;0;0;2844
2022;PA;6;Deputado Federal;4521516;17;265972;AGIR;0;0;0;2827
2022;MA;6;Deputado Federal;3706498;18;205917;PSTU;0;0;0;2819
2022;SE;7;Deputado Estadual;1216425;24;50684;MDB;0;0;0;2774
2022;CE;6;Deputado Federal;5108239;22;232193;PMB;0;0;0;2746
2022;MT;6;Deputado Federal;1730277;8;216285;DC;0;0;0;2711
2022;AM;7;Deputado Estadual;1968109;24;82005;AGIR;0;0;0;2688
2022;MS;7;Deputado Estadual;1404566;24;58524;AVANTE;0;0;0;2674
2022;AL;7;Deputado Estadual;1658145;27;61413;PTB;0;0;0;2656
2022;RS;6;Deputado Federal;6149822;31;198381;PRTB;0;0;0;2656
2022;ES;6;Deputado Federal;2084430;10;208443;PSD;0;0;0;2644
2022;PE;7;Deputado Estadual;5013585;49;102318;DC;0;0;0;2602
2022;PA;7;Deputado Estadual;4538980;41;110707;UP;0;0;0;2579
2022;AM;6;Deputado Federal;1976477;8;247060;DC;0;0;0;2552
2022;SC;6;Deputado Federal;3969848;16;248115;PRTB;0;0;0;2503
2022;RS;7;Deputado Estadual;6155799;55;111924;PRTB;0;0;0;2439
2022;PE;7;Deputado Estadual;5013585;49;102318;PMN;0;0;0;2436
2022;GO;6;Deputado Federal;3439644;17;202332;PCB;0;0;0;2405
2022;AC;7;Deputado Estadual;435770;24;18157;REDE / PSOL;0;0;0;2381
2022;AL;6;Deputado Federal;1650763;9;183418;UP;0;0;0;2369
2022;AM;6;Deputado Federal;1976477;8;247060;PROS;0;0;0;2358
2022;CE;6;Deputado Federal;5108239;22;232193;UP;0;0;0;2327
2022;MA;6;Deputado Federal;3706498;18;205917;DC;0;0;0;2315
2022;RN;6;Deputado Federal;1864825;8;233103;PMN;0;0;0;2314
2022;RO;6;Deputado Federal;869148;8;108643;SOLIDARIEDADE;0;0;0;2313
2022;RR;7;Deputado Estadual;294885;24;12287;PSB;0;0;0;2299
2022;AM;6;Deputado Federal;1976477;8;247060;AGIR;0;0;0;2284
2022;MS;6;Deputado Federal;1374808;8;171851;PROS;0;0;0;2264
2022;RO;6;Deputado Federal;869148;8;108643;PROS;0;0;0;2258
2022;MT;7;Deputado Estadual;1728127;24;72005;REDE / PSOL;0;0;0;2244
2022;RJ;6;Deputado Federal;8575988;46;186435;PSTU;0;0;0;2206
2022;MA;6;Deputado Federal;3706498;18;205917;SOLIDARIEDADE;0;0;0;2197
2022;SE;6;Deputado Federal;1191617;8;148952;UP;0;0;0;2156
2022;RN;6;Deputado Federal;1864825;8;233103;DC;0;0;0;2094
2022;RS;6;Deputado Federal;6149822;31;198381;UP;0;0;0;2086
2022;RO;7;Deputado Estadual;863501;24;35979;AGIR;0;0;0;2073
2022;ES;6;Deputado Federal;2084430;10;208443;DC;0;0;0;2070
2022;PE;7;Deputado Estadual;5013585;49;102318;UP;0;0;0;2048
2022;MA;6;Deputado Federal;3706498;18;205917;PRTB;0;0;0;2023
2022;ES;6;Deputado Federal;2084430;10;208443;PRTB;0;0;0;2023
2022;RN;6;Deputado Federal;1864825;8;233103;PMB;0;0;0;2016
2022;RO;7;Deputado Estadual;863501;24;35979;REDE / PSOL;0;0;0;1987
2022;SE;7;Deputado Estadual;1216425;24;50684;DC;0;0;0;1978
2022;SE;6;Deputado Federal;1191617;8;148952;SOLIDARIEDADE;0;0;0;1970
2022;AL;7;Deputado Estadual;1658145;27;61413;REDE / PSOL;0;0;0;1954
2022;PA;7;Deputado Estadual;4538980;41;110707;AGIR;0;0;0;1921
2022;RS;7;Deputado Estadual;6155799;55;111924;PSTU;0;0;0;1883
2022;PB;6;Deputado Federal;2209355;12;184113;PATRIOTA;0;0;0;1873
2022;PE;6;Deputado Federal;4969863;25;198795;PSTU;0;0;0;1873
2022;AL;6;Deputado Federal;1650763;9;183418;SOLIDARIEDADE;0;0;0;1865
2022;PA;6;Deputado Federal;4521516;17;265972;PROS;0;0;0;1856
2022;RS;6;Deputado Federal;6149822;31;198381;PSTU;0;0;0;1842
2022;SE;7;Deputado Estadual;1216425;24;50684;PTB;0;0;0;1799
2022;TO;7;Deputado Estadual;834311;24;34763;PMB;0;0;0;1753
2022;SE;7;Deputado Estadual;1216425;24;50684;PROS;0;0;0;1737
2022;SE;6;Deputado Federal;1191617;8;148952;PROS;0;0;0;1732
2022;PA;6;Deputado Federal;4521516;17;265972;PSTU;0;0;0;1718
2022;MA;6;Deputado Federal;3706498;18;205917;PMB;0;0;0;1691
2022;PE;7;Deputado Estadual;5013585;49;102318;PSTU;0;0;0;1688
2022;CE;7;Deputado Estadual;5054996;46;109891;UP;0;0;0;1662
2022;PA;6;Deputado Federal;4521516;17;265972;PMB;0;0;0;1640
2022;RN;7;Deputado Estadual;1865045;24;77710;UP;0;0;0;1604
2022;PB;6;Deputado Federal;2209355;12;184113;PODE;0;0;0;1580
2022;RR;6;Deputado Federal;291714;8;36464;PMB;0;0;0;1579
2022;DF;6;Deputado Federal;1607519;8;200940;UP;0;0;0;1559
2022;MS;7;Deputado Estadual;1404566;24;58524;AGIR;0;0;0;1555
2022;ES;7;Deputado Estadual;2077274;30;69242;PRTB;0;0;0;1526
2022;RO;6;Deputado Federal;869148;8;108643;AGIR;0;0;0;1520
2022;AP;6;Deputado Federal;423017;8;52877;AVANTE;0;0;0;1510
2022;MT;6;Deputado Federal;1730277;8;216285;AGIR;0;0;0;1508
2022;PA;6;Deputado Federal;4521516;17;265972;PATRIOTA;0;0;0;1497
2022;SC;6;Deputado Federal;3969848;16;248115;DC;0;0;0;1490
2022;AC;6;Deputado Federal;434253;8;54282;PATRIOTA;0;0;0;1483
2022;TO;7;Deputado Estadual;834311;24;34763;PRTB;0;0;0;1470
2022;AL;7;Deputado Estadual;1658145;27;61413;UP;0;0;0;1453
2022;MS;7;Deputado Estadual;1404566;24;58524;PROS;0;0;0;1417
2022;ES;6;Deputado Federal;2084430;10;208443;PMB;0;0;0;1391
2022;AC;6;Deputado Federal;434253;8;54282;PROS;0;0;0;1369
2022;AL;7;Deputado Estadual;1658145;27;61413;SOLIDARIEDADE;0;0;0;1348
2022;PI;7;Deputado Estadual;1970638;30;65688;AGIR;0;0;0;1344
2022;PA;7;Deputado Estadual;4538980;41;110707;PATRIOTA;0;0;0;1343
2022;RR;7;Deputado Estadual;294885;24;12287;PDT;0;0;0;1306
2022;TO;6;Deputado Federal;830140;8;103767;PMB;0;0;0;1300
2022;RR;6;Deputado Federal;291714;8;36464;SOLIDARIEDADE;0;0;0;1298
2022;RR;6;Deputado Federal;291714;8;36464;PTB;0;0;0;1290
2022;RN;6;Deputado Federal;1864825;8;233103;PRTB;0;0;0;1285
2022;RR;6;Deputado Federal;291714;8;36464;PDT;0;0;0;1272
2022;RS;6;Deputado Federal;6149822;31;198381;PROS;0;0;0;1264
2022;PI;6;Deputado Federal;1957483;10;195748;PCB;0;0;0;1221
2022;DF;8;Deputado Distrital;1662497;24;69271;UP;0;0;0;1190
2022;RS;6;Deputado Federal;6149822;31;198381;DC;0;0;0;1187
2022;MA;6;Deputado Federal;3706498;18;205917;PCB;0;0;0;1182
2022;AP;6;Deputado Federal;423017;8;52877;PATRIOTA;0;0;0;1175
2022;RN;7;Deputado Estadual;1865045;24;77710;PRTB;0;0;0;1149
2022;AL;6;Deputado Federal;1650763;9;183418;PMN;0;0;0;1092
2022;SC;7;Deputado Estadual;4004036;40;100101;PSTU;0;0;0;1083
2022;SC;6;Deputado Federal;3969848;16;248115;PSTU;0;0;0;1072
2022;PE;7;Deputado Estadual;5013585;49;102318;PROS;0;0;0;1054
2022;GO;7;Deputado Estadual;3434510;41;83769;PCB;0;0;0;1042
2022;PR;7;Deputado Estadual;6058064;54;112186;PSTU;0;0;0;1010
2022;SC;7;Deputado Estadual;4004036;40;100101;PROS;0;0;0;1010
2022;PB;6;Deputado Federal;2209355;12;184113;AGIR;0;0;0;1005
2022;TO;7;Deputado Estadual;834311;24;34763;REDE / PSOL;0;0;0;951
2022;RO;6;Deputado Federal;869148;8;108643;REDE / PSOL;0;0;0;950
2022;PI;6;Deputado Federal;1957483;10;195748;UP;0;0;0;950
2022;PA;7;Deputado Estadual;4538980;41;110707;DC;0;0;0;908
2022;RR;6;Deputado Federal;291714;8;36464;CIDADANIA / PSDB;0;0;0;886
2022;TO;6;Deputado Federal;830140;8;103767;DC;0;0;0;859
2022;MS;6;Deputado Federal;1374808;8;171851;AGIR;0;0;0;823
2022;RN;6;Deputado Federal;1864825;8;233103;PSTU;0;0;0;823
2022;CE;6;Deputado Federal;5108239;22;232193;PCO;0;0;0;815
2022;AP;6;Deputado Federal;423017;8;52877;PRTB;0;0;0;804
2022;MG;7;Deputado Estadual;11076602;77;143852;PCO;0;0;0;789
2022;DF;6;Deputado Federal;1607519;8;200940;PRTB;0;0;0;774
2022;PR;6;Deputado Federal;6038642;30;201288;PSTU;0;0;0;772
2022;TO;6;Deputado Federal;830140;8;103767;PRTB;0;0;0;763
2022;RN;7;Deputado Estadual;1865045;24;77710;PSTU;0;0;0;761
2022;MG;6;Deputado Federal;11181098;53;210964;PCO;0;0;0;734
2022;PI;7;Deputado Estadual;1970638;30;65688;PSTU;0;0;0;715
2022;RR;6;Deputado Federal;291714;8;36464;PRTB;0;0;0;712
2022;RR;6;Deputado Federal;291714;8;36464;PATRIOTA;0;0;0;710
2022;AC;6;Deputado Federal;434253;8;54282;PSC;0;0;0;704
2022;RR;6;Deputado Federal;291714;8;36464;DC;0;0;0;694
2022;RR;7;Deputado Estadual;294885;24;12287;PTB;0;0;0;679
2022;AL;6;Deputado Federal;1650763;9;183418;AGIR;0;0;0;659
2022;PB;6;Deputado Federal;2209355;12;184113;PMB;0;0;0;588
2022;RR;6;Deputado Federal;291714;8;36464;PSC;0;0;0;570
2022;AC;7;Deputado Estadual;435770;24;18157;DC;0;0;0;563
2022;PI;6;Deputado Federal;1957483;10;195748;AGIR;0;0;0;563
2022;PI;6;Deputado Federal;1957483;10;195748;PSTU;0;0;0;561
2022;DF;6;Deputado Federal;1607519;8;200940;PCO;0;0;0;546
2022;ES;6;Deputado Federal;2084430;10;208443;PROS;0;0;0;534
2022;MS;6;Deputado Federal;1374808;8;171851;DC;0;0;0;528
2022;AL;6;Deputado Federal;1650763;9;183418;PSTU;0;0;0;527
2022;AC;7;Deputado Estadual;435770;24;18157;AGIR;0;0;0;485
2022;AL;7;Deputado Estadual;1658145;27;61413;PMB;0;0;0;484
2022;RS;7;Deputado Estadual;6155799;55;111924;DC;0;0;0;466
2022;ES;6;Deputado Federal;2084430;10;208443;AGIR;0;0;0;462
2022;PB;6;Deputado Federal;2209355;12;184113;PROS;0;0;0;448
2022;DF;6;Deputado Federal;1607519;8;200940;PSTU;0;0;0;441
2022;RS;6;Deputado Federal;6149822;31;198381;AGIR;0;0;0;425
2022;PR;7;Deputado Estadual;6058064;54;112186;PCO;0;0;0;420
2022;PE;6;Deputado Federal;4969863;25;198795;PMB;0;0;0;408
2022;AL;6;Deputado Federal;1650763;9;183418;PMB;0;0;0;383
2022;AL;7;Deputado Estadual;1658145;27;61413;PSTU;0;0;0;379
2022;RO;6;Deputado Federal;869148;8;108643;PMB;0;0;0;349
2022;DF;8;Deputado Distrital;1662497;24;69271;PSTU;0;0;0;342
2022;PB;6;Deputado Federal;2209355;12;184113;DC;0;0;0;335
2022;TO;7;Deputado Estadual;834311;24;34763;DC;0;0;0;323
2022;AC;6;Deputado Federal;434253;8;54282;AGIR;0;0;0;323
2022;SE;7;Deputado Estadual;1216425;24;50684;UP;0;0;0;288
2022;MS;7;Deputado Estadual;1404566;24;58524;DC;0;0;0;278
2022;GO;7;Deputado Estadual;3434510;41;83769;PCO;0;0;0;276
2022;BA;6;Deputado Federal;7958431;39;204062;PCO;0;0;0;275
2022;MA;6;Deputado Federal;3706498;18;205917;PCO;0;0;0;213
2022;AL;6;Deputado Federal;1650763;9;183418;DC;0;0;0;211
2022;DF;8;Deputado Distrital;1662497;24;69271;PCO;0;0;0;209
2022;PR;6;Deputado Federal;6038642;30;201288;PCO;0;0;0;187
2022;AC;6;Deputado Federal;434253;8;54282;PMN;0;0;0;183
2022;PB;7;Deputado Estadual;2243483;36;62319;PROS;0;0;0;178
2022;MA;7;Deputado Estadual;3691036;42;87882;PCO;0;0;0;177
2022;AM;6;Deputado Federal;1976477;8;247060;PODE;0;0;0;174
2022;PB;6;Deputado Federal;2209355;12;184113;PCO;0;0;0;170
2022;PI;7;Deputado Estadual;1970638;30;65688;PCO;0;0;0;153
2022;AL;7;Deputado Estadual;1658145;27;61413;DC;0;0;0;140
2022;AC;7;Deputado Estadual;435770;24;18157;PMN;0;0;0;138
2022;AL;6;Deputado Federal;1650763;9;183418;PROS;0;0;0;121
2022;PI;6;Deputado Federal;1957483;10;195748;PCO;0;0;0;92
2022;AL;6;Deputado Federal;1650763;9;183418;PCO;0;0;0;89
2022;AP;6;Deputado Federal;423017;8;52877;AGIR;0;0;0;60
2022;AL;6;Deputado Federal;1650763;9;183418;PRTB;0;0;0;38
2022;AP;7;Deputado Estadual;424262;24;17678;AGIR;0;0;0;17
